Id,Tag:Rank
1,58861:1 115030:0 241870:0 119270:2 388771:0 
2,42353:61 381107:8 413438:0 34712:16 417345:0 
3,289718:1 36737:34 390955:4 25288:3 
4,216086:0 28064:52 420706:0 219256:0 163768:0 55994:0 399813:0 1962:0 
5,134583:1 316707:0 437355:3 216805:52 185424:39 126747:0 
6,19401:8 
7,164125:56 414553:0 
8,111946:80 43220:0 
9,314342:0 25638:7 
10,129265:37 47337:6 67643:8 299864:5 
11,210824:3 283667:0 366692:9 7548:0 
12,151694:0 257128:0 1118:0 167655:37 
13,167360:0 67804:0 269307:21 390846:62 153292:0 126516:0 395447:0 415675:0 58429:0 143799:46 283773:45 138179:0 88233:0 38214:0 138011:17 317854:0 438865:0 74246:0 304661:0 54749:0 57970:0 106615:0 31698:0 31058:0 333275:0 421157:0 286264:40 347803:63 199481:0 67413:0 276114:0 9856:0 407433:0 
14,186777:47 
15,354542:0 224190:0 
16,1171:4 265610:1 19711:7 
17,1650:0 379060:0 
18,237401:0 20189:1 420500:0 168733:0 
19,305109:0 
20,156029:0 396158:18 419014:1 52229:25 299053:17 23249:15 272709:0 115920:0 180147:0 86347:3 268086:13 
21,158896:89 379869:1 143324:2 142356:30 
22,328230:32 78599:97 141891:0 259458:0 264962:14 332006:0 438906:64 428027:0 339828:0 299030:0 90511:0 412817:0 205256:0 60028:0 65047:0 88884:0 14661:0 148393:0 71102:0 142376:0 228258:0 250761:0 24177:1 354187:0 242532:25 191872:0 14967:0 
23,126983:7 300558:4 340035:0 275283:0 185341:5 201572:0 148644:39 318023:0 375275:0 257355:35 28656:6 344714:97 33239:0 
24,27560:0 165135:0 24177:1 176588:0 282901:0 297131:0 268995:0 291356:0 
25,97643:6 206220:0 3730:22 
26,200139:3 172022:0 28221:0 111340:1 385397:0 
27,389945:24 87661:97 438588:0 365795:10 348319:3 133880:16 4920:28 102834:0 335742:0 7602:67 
28,216478:0 396091:0 161101:49 238101:31 128593:0 156724:0 438015:0 437348:0 357008:8 304842:0 245404:0 279688:70 
29,61999:0 32081:0 384625:0 12472:1 337594:0 
30,14902:55 356066:37 232731:76 
31,301917:0 234632:66 283896:0 123930:0 57967:0 
32,413121:1 95425:0 
33,433149:0 384778:0 55880:2 
34,177762:11 430505:0 
35,390366:18 36892:0 
36,12714:4 24177:1 409744:2 
37,229028:1 183014:0 183046:40 
38,226459:0 376647:0 
39,309455:8 47158:65 81642:16 
40,308286:0 
41,357996:0 144851:15 115269:0 299247:1 
42,414611:0 385642:0 115269:0 
43,277760:5 352482:3 68605:2 
44,137651:44 85417:5 162245:0 
45,76905:0 238735:0 
46,419136:1 162010:2 
47,325684:1 162010:3 
48,385716:0 
49,82220:3 9416:1 
50,91245:1 385642:51 266262:3 387254:5 
51,302148:17 241939:1 
52,198361:0 261866:0 
53,206589:12 66087:11 115034:21 
54,366099:0 272421:0 107046:0 
55,35320:43 214602:0 
56,284050:34 258074:0 
57,201511:1 312294:0 150880:4 
58,141591:29 176271:0 217888:60 65825:0 
59,32050:3 313333:2 
60,322861:0 23214:0 198455:0 
61,302049:1 347016:0 118179:0 431150:0 
62,330379:0 53166:1 
63,42540:52 119926:29 
64,28981:0 57151:0 50097:0 334463:0 368427:0 13899:13 103810:0 427094:0 417152:0 434504:0 329377:0 56852:0 
65,4391:0 88445:0 12775:78 352069:2 
66,193066:15 22552:0 
67,111394:0 224325:2 433046:4 106784:0 
68,345633:0 192689:0 116207:0 245419:0 155390:0 
69,397570:10 
70,195420:0 
71,26661:8 387827:0 206558:0 88769:82 
72,361677:1 81415:0 
73,431794:0 246462:0 428806:0 266970:0 220290:0 435876:0 352534:0 416772:0 216757:0 139217:0 417698:0 438906:0 235278:0 256523:0 380:0 299030:0 24177:1 323856:0 294935:30 195321:70 107732:0 60028:0 6361:0 
74,130047:52 82043:51 351844:0 268215:15 
75,358466:0 285944:85 
76,259076:32 65888:2 
77,91026:1 
78,408691:0 70696:10 
79,360594:68 52915:0 409150:0 350269:0 295439:0 126696:0 
80,297887:0 261646:0 237846:1 381934:0 
81,395499:22 
82,424499:0 
83,443106:0 435440:0 166040:0 50372:0 24177:2 234578:0 426651:0 137431:0 250780:0 257018:0 244711:0 106409:0 
84,349681:6 183203:8 132835:0 281162:13 258100:10 239036:2 324766:33 
85,355706:45 8873:27 189130:0 
86,99410:2 31386:0 249636:1 79858:19 368700:13 284176:11 859:4 
87,6234:0 306249:31 276374:6 
88,170920:31 106679:0 237243:0 24395:0 203046:0 180638:0 
89,415677:0 230615:0 183203:0 
90,129537:17 393178:5 
91,271993:0 351344:5 145269:0 352988:8 359928:0 
92,34762:0 231309:19 443497:0 63723:0 110020:33 
93,422321:0 340324:46 415549:0 102133:34 431675:0 340097:12 
94,341615:2 323273:0 103111:5 209042:0 324037:0 335422:1 
95,90500:1 
96,357120:0 213464:68 
97,140591:2 198402:3 42540:1 
98,297887:0 120318:0 261069:3 8117:6 273592:0 261646:0 251136:4 381934:0 
99,3288:0 155811:4 
100,287582:11 150797:63 
101,53092:0 7083:94 39404:99 211019:17 25359:11 425229:0 8468:0 196252:16 324166:12 363791:20 63362:0 295485:0 
102,58208:12 340611:0 55653:19 248244:47 258850:0 428719:0 
103,396762:0 
104,81852:0 362701:0 197554:0 9505:0 385927:26 137859:18 227720:7 108638:0 
105,435859:0 191786:0 315181:0 175596:0 
106,287550:11 174261:39 107295:58 207978:14 371665:0 
107,131942:0 329080:0 330299:0 304529:0 
108,98190:2 287870:5 249636:0 242984:0 
109,389616:0 199920:0 256847:0 221114:0 24177:1 278564:0 259458:0 369581:0 138873:0 24513:0 
110,421890:29 30349:0 428129:0 294432:0 
111,178458:7 
112,42459:0 419513:0 440890:0 381869:0 73092:0 24177:1 36081:0 29153:0 141345:0 208992:0 
113,319758:8 223681:2 
114,372609:8 173418:7 238349:0 106686:0 120881:12 80286:0 223175:0 5542:30 
115,352193:0 394457:0 200334:74 219840:0 414018:0 53726:0 65343:0 30981:0 
116,195420:0 312123:0 
117,95457:0 50762:51 251700:0 208024:0 
118,419597:0 200177:0 318352:0 
119,33277:0 131834:1 241521:5 272295:0 
120,19151:0 
121,145654:34 169463:0 352578:0 25757:51 79039:0 362193:35 252679:0 192423:0 
122,60280:0 319061:2 9187:61 257731:4 211488:27 340944:0 74572:13 127479:9 180735:25 24177:1 415830:0 116515:0 73200:0 152010:0 
123,244594:0 389616:0 173154:0 338974:0 392298:0 426854:0 
124,399470:0 225356:0 115838:33 354559:0 77814:0 20627:95 
125,29059:0 86090:7 240701:0 155767:0 24177:1 427695:0 166508:0 5449:0 138907:0 
126,78449:7 119752:16 
127,288320:4 243104:0 24177:0 198828:0 330604:0 
128,164211:20 191462:2 
129,78228:0 
130,268100:3 14123:29 
131,180443:3 88966:13 92441:6 
132,87909:31 40095:1 
133,304309:0 19653:40 342918:0 403702:0 195518:44 229588:0 299629:0 366417:7 
134,294225:0 
135,441844:0 105946:0 19653:0 276591:0 408170:0 24177:1 403702:0 195518:0 421027:0 66090:0 366417:19 253575:90 
136,24177:1 220666:0 85840:0 81936:29 37005:24 110821:0 305499:52 113375:0 
137,418687:0 76664:0 109127:0 86166:27 
138,194033:1 3288:13 
139,77356:10 228533:47 19682:17 189449:0 253391:48 323635:1 
140,222664:46 323360:37 55901:3 31486:18 142590:1 52281:0 4189:0 
141,2251:13 
142,65017:0 300558:0 279245:0 385909:0 178700:0 155422:0 131804:0 417021:0 3837:0 301574:0 
143,376425:1 86092:5 
144,430453:2 269540:0 
145,111719:0 57951:0 174564:58 117629:61 253633:3 369013:0 225301:14 372300:59 101774:99 
146,91417:0 407825:20 29781:0 
147,108372:3 174513:0 184243:0 
148,243486:0 315899:0 213536:0 202457:0 246030:0 205312:0 
149,415742:57 191906:2 254366:55 
150,118366:10 84049:25 339880:27 290920:0 
151,358494:0 19598:0 22399:0 118995:0 275908:0 178462:0 371788:0 31225:0 259970:22 11853:0 342918:0 287857:0 58353:0 22423:0 158658:21 65906:0 
152,360656:0 404545:1 
153,130235:18 411407:51 
154,50753:48 360760:3 
155,435050:35 
156,414324:3 
157,269305:12 388398:9 168003:0 
158,175775:0 415996:79 278198:0 348436:0 
159,364054:60 109127:0 11853:0 79071:0 90544:0 25012:0 216562:0 388963:0 258024:0 
160,408711:0 212161:1 412108:0 
161,111168:0 
162,426459:0 312487:0 378768:0 351885:19 
163,291365:0 
164,270591:0 285996:0 392454:0 13878:0 97996:0 217319:0 2771:0 
165,16357:0 173922:28 24177:1 137043:0 
166,362701:0 41017:0 135926:0 
167,212273:1 389912:6 
168,300850:0 122884:8 
169,276366:1 84485:6 364818:0 228560:8 114312:2 
170,86922:0 14661:0 255467:0 182706:0 
171,299740:24 24177:1 18714:11 116113:8 37186:2 
172,245478:0 317243:1 
173,243880:0 127317:0 319661:19 
174,303793:1 414324:4 
175,132683:16 
176,433204:0 278268:30 216929:0 282661:31 191864:0 277896:29 323382:0 196863:0 141005:0 
177,402094:8 319144:16 
178,193085:0 
179,334840:8 359973:0 69810:0 
180,374969:1 103484:0 
181,187716:4 340187:2 440983:21 399570:3 
182,307265:0 71822:13 104059:48 275561:49 390057:0 278089:9 267499:0 
183,232362:3 
184,345410:13 197522:9 
185,9189:0 350391:0 423078:98 
186,52848:33 124838:13 22903:0 97741:5 
187,445695:19 415365:0 311269:0 
188,242625:9 73025:0 102477:13 87272:0 
189,231247:45 388513:1 66155:4 
190,333457:0 268561:96 131607:0 57842:0 18991:0 320907:0 
191,301739:53 199493:0 160752:20 24177:26 154064:17 102620:72 
192,422621:29 114288:0 281806:0 288860:0 124367:0 
193,8662:1 
194,395517:9 24177:1 179391:7 149208:3 
195,58053:0 425187:2 310193:10 
196,12064:0 409903:0 
197,303192:6 27391:93 252631:0 186490:0 327307:32 23152:31 11341:0 358192:33 
198,315375:0 252278:0 300640:0 341276:0 227312:0 
199,245694:9 24177:1 
200,80279:10 412159:0 214504:0 
201,78435:1 254467:17 35055:2 338269:0 356940:5 139549:0 424679:6 
202,250448:4 421662:9 129009:0 240367:15 
203,47278:0 267122:0 
204,424216:83 
205,371307:9 300734:0 382159:2 131038:1 208939:0 
206,410074:92 380565:0 87690:2 312212:33 
207,121891:0 343940:0 176735:41 66615:0 161566:0 
208,77504:0 
209,429671:0 228199:0 109398:0 67803:0 404120:81 81999:0 24177:1 419563:0 436400:0 25015:0 220481:0 422043:0 387782:0 
210,411202:0 32895:0 234578:0 252160:0 395447:0 304861:0 311305:0 78945:32 368542:14 24177:0 168939:37 175178:0 716:0 
211,279241:73 443893:11 328203:4 440991:0 202286:5 140656:3 411609:0 50775:2 62249:0 197123:10 
212,174294:0 
213,73462:12 
214,173742:24 214825:3 196833:7 
215,19937:1 332072:52 
216,66272:6 98808:4 48553:0 382618:0 371954:0 251630:0 
217,316829:1 318792:6 
218,166150:0 190968:2 69792:0 18351:0 85373:0 380055:0 20150:0 279935:0 177880:0 389945:0 
219,373167:0 333632:10 376265:0 190428:0 177291:0 213083:4 
220,87093:67 184651:9 
221,269588:8 228625:3 132610:6 
222,36534:1 213947:10 
223,211681:0 93683:0 
224,370033:0 43924:0 168124:0 227077:0 364140:0 24177:2 173770:0 274569:0 382339:0 
225,198358:0 229853:8 365414:0 153519:0 387393:0 317914:46 41913:0 
226,425551:18 440166:17 171423:19 
227,139831:0 92392:1 26830:0 
228,200782:0 15325:19 253034:0 
229,336477:0 356125:0 
230,117886:0 164986:0 114850:0 
231,61601:1 
232,381858:0 24177:1 79346:0 
233,58514:0 35366:0 24177:7 20261:0 97911:0 285626:0 379492:0 
234,182182:0 294473:46 6578:0 132377:48 62554:14 195443:19 267400:90 
235,319832:2 217905:40 347037:41 395559:0 402165:42 331424:0 
236,408787:1 
237,422477:0 263372:0 341552:9 
238,369271:0 282815:4 433689:0 24177:1 256329:0 137294:5 342392:6 245752:3 
239,112236:0 147036:0 222855:0 75347:0 244228:2 190970:0 24016:5 
240,385821:0 293047:0 253633:63 178153:0 376083:0 225301:58 130580:0 40009:0 367401:0 173659:0 159439:0 203039:0 386691:0 
241,106468:5 
242,285613:83 111150:0 300993:0 24177:14 
243,115707:42 
244,352577:0 
245,77368:0 166150:4 21077:56 42614:0 182304:0 278014:0 
246,293072:0 342375:0 129835:0 317335:0 
247,368137:17 24177:3 
248,372438:0 107133:0 
249,10874:5 38553:8 235619:12 
250,435865:24 24177:1 
251,343115:0 382158:0 
252,15598:0 186900:0 319274:4 
253,326290:16 89876:0 295836:0 278491:7 
254,48928:47 
255,57353:1 418478:21 
256,171565:44 
257,118794:1 121318:2 
258,8639:0 155239:0 307762:0 174586:0 179077:2 215363:0 232124:0 262791:0 343950:0 425190:0 277034:0 
259,148073:0 
260,295305:0 24177:1 143722:0 262229:0 
261,345822:3 49995:7 220515:10 77779:5 265442:44 24177:1 140892:12 327590:0 165613:2 324931:4 
262,125486:0 86709:0 368547:34 
263,78262:24 161989:12 
264,246709:0 
265,439995:0 374518:0 65644:0 327957:0 91631:0 35836:0 9179:0 
266,168173:93 380868:65 217684:18 50466:0 260213:0 258677:0 239426:0 380042:0 163658:54 201842:0 232664:71 218540:0 16992:23 
267,280498:0 
268,81418:0 24177:0 147077:0 347803:0 354452:0 383539:5 317914:16 
269,225737:3 24177:1 435014:5 
270,59037:5 
271,137388:0 278372:0 18239:0 159045:0 15093:0 24177:2 247535:4 81594:0 143511:0 35864:0 
272,25098:1 226033:0 
273,178019:0 337728:56 111952:0 167021:0 102693:0 73518:0 145409:67 397822:0 24177:1 208243:9 109544:0 223343:40 3797:0 307819:6 
274,401585:23 25960:3 40024:2 
275,176323:3 
276,329533:0 183088:1 137527:11 176669:0 
277,418847:0 413892:16 419185:0 
278,157144:4 442746:0 112412:0 86675:54 237701:0 
279,303589:28 105228:45 113528:40 
280,212036:5 348791:0 183088:0 104895:0 320430:4 
281,332082:0 41363:0 5007:0 10307:0 380854:19 
282,101747:0 45540:0 160210:0 204441:0 51602:0 107357:93 286521:0 394095:0 28119:0 346716:0 429795:0 223987:0 42284:80 40931:0 103340:0 24177:1 13512:0 11304:0 443886:6 289559:5 227375:0 78249:0 
283,366699:45 76866:4 105951:0 218179:6 81146:7 130111:0 353261:0 76883:0 314242:0 43842:0 
284,87678:0 394046:0 247975:42 
285,144856:3 83534:1 91734:4 
286,366795:0 341640:0 24177:1 296748:0 92816:0 291706:0 
287,176695:1 
288,236374:0 299803:0 162792:0 
289,46325:2 430724:4 380628:13 
290,348808:1 105467:28 
291,256107:7 65566:12 140093:41 355929:0 401749:0 56830:0 107200:88 229110:2 24177:1 212385:42 337673:21 220090:9 
292,209949:4 
293,395999:1 
294,395999:1 
295,425346:0 257433:0 24177:3 209046:0 
296,24177:0 254463:0 
297,414409:1 
298,438294:0 370029:4 
299,309149:7 248752:3 391911:9 2830:14 
300,61229:16 197383:0 336270:0 395983:0 65732:0 212883:0 
301,419016:1 311854:6 406608:7 47368:3 
302,87003:0 19767:0 190431:0 320409:0 219279:72 184299:1 72815:61 
303,119346:6 42640:0 186072:5 34961:4 107443:10 293057:32 
304,217732:29 14619:0 376706:62 259966:0 
305,32968:5 385337:3 
306,439207:0 51452:0 
307,439202:2 402985:1 
308,254693:62 66582:6 57819:3 
309,397088:21 
310,50007:20 197808:0 249576:30 417215:0 
311,380763:4 397032:2 
312,244855:0 197753:0 175509:50 171699:0 152788:0 114463:0 
313,317120:43 64137:88 162382:0 
314,55262:0 
315,348177:0 8891:2 166836:1 410266:4 
316,338569:0 425786:31 117538:0 393610:0 258674:78 403281:0 351021:0 270488:0 78915:0 358341:0 136341:0 319213:0 
317,412494:3 182120:1 
318,42102:95 15034:0 162983:100 102097:0 107046:0 
319,43494:0 118521:0 296243:0 256547:0 
320,434095:17 
321,113485:0 25252:7 66145:0 425457:0 
322,49649:37 78631:2 
323,422774:49 393348:0 239210:23 
324,49986:0 294225:1 41440:3 
325,281170:1 184223:0 
326,399537:0 420223:0 87953:0 380439:0 254250:0 169425:0 354668:0 334804:0 211140:0 118798:6 329862:0 
327,225545:36 428541:0 
328,96663:5 362287:0 296907:0 
329,433973:0 125569:0 249692:37 278655:0 105569:3 
330,71354:0 38044:0 
331,122826:0 43891:0 221463:0 
332,314061:0 282707:31 41728:30 360257:2 219078:67 
333,186366:0 144051:0 225280:0 18915:0 435490:0 125234:0 142735:0 370911:0 30196:0 67299:7 399058:0 419164:0 246728:0 187677:0 125304:0 327590:0 373168:0 24177:1 65708:0 81540:0 402210:0 
334,405602:85 256242:2 51794:0 265995:95 160624:0 248139:0 151912:59 327943:0 441225:39 232254:0 243459:13 195321:0 228803:27 160948:66 377749:3 
335,193488:0 
336,260351:0 303649:0 
337,41117:0 430907:0 407746:0 172989:9 
338,225280:0 372387:0 396012:0 395752:0 24177:1 143545:0 61859:16 175041:0 374771:59 
339,95517:19 136434:8 49290:5 
340,107223:0 22237:0 167227:86 
341,102582:1 
342,298469:3 377772:2 224132:51 11377:0 
343,24177:1 382675:0 
344,423371:1 
345,408888:18 204453:11 347624:4 261999:5 
346,208648:63 376253:0 
347,5608:0 434112:1 36838:5 118355:2 386815:16 
348,272052:6 234268:2 99410:1 298203:0 
349,170218:0 347139:0 11921:0 92097:2 
350,52255:46 205176:0 295724:2 426604:11 
351,76866:4 47471:3 252898:30 304705:2 24177:1 
352,325593:0 114538:20 24177:1 262152:0 224128:0 69341:3 6013:2 219266:0 
353,111772:3 352013:0 190921:0 81167:2 287047:0 113551:0 
354,89531:4 
355,351502:0 264305:0 44925:0 
356,108586:0 381578:0 227087:0 229477:70 223180:0 333819:72 419985:0 250748:0 
357,416154:3 194811:0 
358,272199:0 84579:0 401916:0 362529:0 
359,331848:6 230569:84 111792:42 
360,166769:44 388640:48 182520:45 115022:43 256360:46 295780:47 
361,12371:1 
362,56906:0 53933:0 24177:17 
363,312123:0 
364,301440:84 47325:82 250727:0 371983:0 
365,385055:0 151906:22 332904:31 97822:0 
366,50686:0 24177:1 297358:0 
367,405380:0 345345:35 255648:0 
368,412072:1 
369,134196:1 178787:3 
370,159706:1 413636:2 
371,132071:0 342220:0 276254:14 
372,252326:5 283858:0 343693:21 
373,402694:0 422987:29 431922:79 
374,216966:0 129520:2 
375,2237:0 325884:0 
376,194120:0 
377,3039:26 
378,262481:5 370160:36 294785:2 427552:27 426138:1 
379,347005:0 320408:0 374741:0 397428:0 
380,75579:98 201427:64 193731:0 394595:0 228205:0 102389:0 
381,227487:43 283671:0 259074:0 56931:11 194328:0 12535:10 
382,285613:13 401916:0 369623:27 158658:26 24177:1 172172:17 
383,52421:0 64521:0 440662:0 69047:0 
384,96871:18 284389:0 130552:3 24177:0 383383:1 17589:41 150064:0 142610:2 101497:71 
385,241855:6 75110:1 378923:0 
386,269099:12 17038:1 
387,286782:4 348939:0 379396:0 21699:31 260832:37 441117:32 246078:0 
388,307414:17 137337:11 279725:21 
389,351648:0 340215:0 
390,8325:0 361271:0 308698:0 171359:0 145926:0 
391,7675:0 73092:0 24177:4 125651:24 194377:0 
392,140348:0 291520:0 209044:0 
393,244104:9 192733:0 339844:1 
394,61717:61 118483:0 
395,95041:0 
396,342234:4 24177:0 
397,173932:3 118934:0 
398,26085:0 135149:0 97284:0 167593:0 240375:0 133029:0 98808:0 319505:0 276421:0 
399,339347:0 56114:0 285579:0 324305:34 183202:0 
400,330061:0 198772:0 
401,27391:40 20456:0 374572:0 23152:24 81411:0 196413:0 
402,237185:0 245734:0 18239:0 36676:0 53043:0 207816:4 
403,259697:0 388436:0 432299:2 327916:7 424921:3 24177:0 59758:1 280940:34 165557:9 
404,45042:27 619:2 37473:88 84330:7 355158:16 105138:18 246728:37 27398:5 132736:10 
405,111719:24 204281:44 275740:8 326880:2 86468:18 26668:56 44528:31 85134:60 372300:9 115345:61 101774:14 
406,412129:73 163662:0 155668:0 231778:71 
407,77000:22 388642:14 
408,66309:1 279725:8 430557:0 
409,405099:0 406958:4 200295:0 323429:0 344895:0 372228:0 250310:0 
410,85267:0 384150:20 
411,100913:0 185620:0 442052:8 
412,23383:1 
413,198935:12 
414,167593:0 98808:53 439700:0 276421:0 349779:0 229937:0 
415,331575:0 323373:1 
416,91642:3 
417,402985:12 
418,151614:18 
419,225356:0 66232:0 24177:0 142186:10 308934:24 271151:0 
420,377393:0 28556:0 247842:1 
421,335868:0 399124:23 12681:12 
422,252524:0 231275:7 317446:9 9454:34 263092:20 11194:17 205422:0 
423,422818:2 
424,139814:0 155335:14 204408:32 
425,11268:2 313062:56 3850:1 
426,395194:2 393350:19 
427,101331:0 280922:0 24177:0 67208:0 242002:0 
428,365704:1 296140:2 
429,219914:0 279195:58 
430,201732:0 
431,282028:30 24177:1 
432,403219:6 22259:2 30825:3 13139:0 
433,325628:4 64072:0 311641:0 145040:3 14189:11 
434,155051:0 134458:0 
435,74692:18 153894:0 171698:4 
436,2830:0 345238:2 245728:1 
437,26066:8 86797:9 70602:5 
438,442957:0 221241:11 357847:0 206943:0 92663:2 135393:0 59096:0 128638:0 24177:1 228977:0 437797:0 91477:0 221583:0 
439,273453:2 
440,179507:1 73405:11 362816:19 83697:0 
441,201189:1 144045:10 395612:22 134141:4 
442,227033:0 435993:0 196712:0 
443,157022:0 386911:13 398730:0 24177:1 
444,26648:6 24177:1 160820:20 376569:0 84041:7 11005:11 148589:2 
445,252826:0 
446,73462:0 11014:17 
447,385287:2 411553:3 
448,15890:2 48128:3 410277:6 
449,288702:8 194339:51 228748:5 
450,41100:0 440196:2 430599:1 
451,76883:0 380032:0 181322:0 
452,420511:12 163380:33 214374:0 
453,360808:0 386290:2 434185:16 9040:4 
454,28402:2 294481:1 23667:0 
455,418011:0 373809:0 246089:0 229287:0 176778:0 
456,356608:0 
457,325452:2 
458,11421:0 169325:0 383464:0 157434:0 431998:0 55503:70 377986:0 103830:34 429386:0 312899:0 240785:35 228534:0 199493:0 245600:36 55747:45 27512:0 89943:0 
459,12342:2 
460,379305:85 346617:0 18752:0 24177:1 
461,164961:0 93006:1 63337:0 289246:5 
462,142446:30 432299:21 415144:4 59758:2 165557:3 214259:33 62271:0 
463,425941:0 304892:1 
464,406311:1 161537:12 
465,351252:4 
466,439849:0 148183:4 
467,10299:3 2830:66 24016:9 132514:0 
468,172157:0 325741:0 10211:0 31584:0 337910:8 
469,87564:1 
470,286395:14 218814:4 317279:21 329174:31 62390:12 366294:43 
471,405015:0 
472,342539:0 387416:7 24177:0 424972:0 133194:0 274309:8 347383:0 
473,5952:0 317447:2 167621:6 61913:0 
474,24177:1 395825:0 61859:0 264962:4 242532:5 437070:8 244711:0 
475,344262:0 182348:0 
476,240172:5 331036:6 
477,207558:3 
478,315312:0 59108:20 256771:0 
479,54171:6 319168:5 
480,217710:0 174211:0 215668:0 
481,215893:0 
482,187890:1 
483,427230:0 245801:0 147569:0 216108:0 325211:0 267740:0 103458:0 273611:0 15149:0 112873:45 
484,14604:5 
485,24177:1 417191:9 395492:0 349912:0 280013:0 323315:0 
486,336773:0 
487,174768:1 
488,132491:0 42553:0 24177:1 17165:86 61770:9 193076:4 
489,53311:3 251407:0 
490,415222:3 112562:2 97377:1 304128:4 
491,392647:0 396609:0 
492,86576:1 318430:11 118711:3 
493,51980:39 
494,168383:0 153968:0 351601:0 231554:0 151797:0 365245:94 300442:0 193950:0 24177:0 428828:0 388359:0 111258:27 286864:0 
495,300493:20 280179:86 215872:0 225676:0 196058:11 305478:0 
496,123615:7 
497,284898:0 371504:0 
498,131588:19 
499,73540:0 60566:25 411416:2 160100:5 113017:15 228149:8 231596:21 93154:49 292197:34 362666:81 246095:24 309596:48 145102:20 166999:29 175180:44 36370:0 278592:18 325797:95 207839:0 163109:4 249168:1 
500,259689:0 246079:0 
501,203735:8 32352:1 
502,436400:0 306419:0 37166:0 31418:0 312212:0 
503,165606:0 
504,43103:1 213562:0 
505,87717:31 164664:26 24869:0 241563:0 
506,401522:4 321163:0 66501:0 265466:0 197554:3 70709:0 120528:5 
507,123703:0 171646:37 115297:0 12058:0 279185:0 
508,441979:0 186357:0 
509,322368:0 
510,192597:34 379729:22 1508:0 70462:23 424729:0 232340:21 81887:19 175134:69 181774:0 126359:0 211387:0 7534:0 285077:0 385335:29 219835:0 174545:46 373332:0 302794:0 419276:0 167564:0 152774:28 24177:1 133467:0 444977:0 440232:0 100627:0 117000:2 444515:0 
511,196647:0 334631:19 130272:5 24177:0 
512,107337:0 372747:7 25945:4 
513,330843:0 221533:0 24177:1 
514,208555:0 48448:0 
515,129690:0 283710:0 14234:0 131713:0 335059:10 
516,114234:4 
517,262715:0 54832:0 
518,153681:0 150986:0 382075:0 437276:0 128794:0 374047:0 
519,307341:41 232337:7 189683:9 203206:0 
520,445063:0 400790:0 98374:0 
521,423471:0 348319:47 227487:2 432299:4 243029:0 59758:0 165557:8 
522,433853:0 154838:0 70784:0 24177:1 362294:9 90076:0 231574:0 343236:8 208277:6 140115:0 
523,404888:45 377484:15 224786:0 383682:0 
524,1859:0 410921:0 361300:0 
525,77729:2 411049:4 205466:3 
526,97286:16 268174:2 234378:95 
527,226351:16 24177:1 216392:29 
528,260794:0 260424:57 253734:0 166903:0 233641:2 
529,231187:4 419816:1 
530,126183:1 
531,242205:0 17489:0 
532,299585:0 167890:0 260218:0 
533,355702:2 365902:0 346242:6 24177:1 
534,146120:17 172528:0 368365:0 37078:0 364152:0 68416:4 320860:0 
535,58604:56 439897:0 253633:1 
536,4622:31 24177:1 247309:0 175962:0 384782:99 70928:0 
537,408771:0 289667:6 169902:0 171863:0 24177:1 
538,300488:0 258511:7 152774:3 24177:1 260304:13 203770:33 260072:8 58231:2 4335:6 
539,240906:18 73504:4 
540,347427:4 12210:54 
541,418873:4 211408:2 
542,22030:0 294605:0 24177:1 59909:0 
543,258548:15 37032:28 42032:6 280888:3 
544,444502:0 415729:0 
545,444502:0 87241:0 3203:0 
546,187819:2 60855:0 
547,125198:1 
548,23624:47 181913:9 362306:3 
549,325654:2 
550,294033:9 351808:0 198067:6 56609:0 77902:89 
551,12179:1 
552,64035:0 24177:1 
553,28064:1 355822:0 112291:0 
554,258100:12 189312:17 
555,42756:16 
556,50530:1 24177:0 
557,345468:74 
558,93827:68 32655:2 83884:3 
559,51045:0 442269:0 120469:0 348088:0 
560,373398:0 121630:1 
561,52159:4 
562,408576:0 369459:61 1489:85 
563,340342:1 145281:42 
564,373752:8 
565,279839:2 122863:1 
566,38553:1 238677:0 275654:44 3787:0 399095:0 351453:0 341802:0 344722:0 139678:0 295724:0 73746:0 309681:0 
567,337318:0 9292:21 307897:0 162257:28 7802:0 
568,346313:0 226309:2 158546:5 351373:12 24177:1 
569,116474:0 282584:22 18714:0 418360:39 
570,12535:12 179628:20 91402:11 24177:1 233551:0 
571,390846:0 12397:0 264962:2 286264:0 107512:0 242532:3 
572,44353:0 212272:18 
573,144102:15 71078:1 31078:7 441694:0 414434:2 
574,263639:0 275571:0 191468:16 425416:0 
575,383654:17 343577:0 408442:5 429355:0 24177:1 288302:0 269750:10 305904:0 61764:30 280366:76 
576,119526:0 
577,290537:6 51914:20 383436:0 277697:68 115885:31 67779:7 41174:48 
578,215636:0 83517:0 165023:0 24177:1 356676:0 
579,125490:0 58293:0 350538:0 289056:0 284433:0 214145:0 337820:0 
580,98483:0 6356:0 24177:1 214192:0 248959:0 143283:0 161602:5 181620:0 418828:0 
581,163990:0 132835:0 388841:0 
582,113446:0 18239:0 111395:46 24177:1 
583,10900:0 440667:0 
584,93882:2 138399:54 
585,108336:0 325547:24 411873:17 191385:1 
586,197680:11 365085:0 113015:0 
587,376794:3 
588,312119:0 385216:1 166647:0 
589,181816:2 303991:1 171459:8 
590,37382:0 
591,127610:50 346267:0 56571:34 204541:0 173835:14 
592,313584:9 442863:30 151299:3 24177:0 
593,220810:0 
594,256771:7 219390:19 
595,343824:59 181508:79 179316:30 
596,396591:1 
597,251951:0 
598,232670:0 24177:1 
599,286264:12 139391:36 390846:25 395447:9 
600,432982:0 345874:0 363713:0 148695:0 
601,422831:0 
602,354332:2 4466:1 
603,151703:1 
604,285613:33 24177:2 262495:0 
605,59758:3 143167:18 24177:1 310778:7 
606,225356:0 25117:0 37462:0 115838:0 
607,286264:26 24177:0 
608,253320:1 
609,59161:6 221435:0 
610,332243:2 
611,285613:2 385187:22 275037:9 372228:0 24177:1 145926:0 
612,37426:10 
613,420179:2 379097:9 393914:12 24177:1 443036:0 
614,124406:0 27086:0 
615,303407:0 195443:0 134458:0 
616,69414:1 52451:0 182065:0 379464:0 
617,402692:1 
618,325904:0 71120:0 350572:0 439540:0 258812:0 199681:0 316479:0 
619,185645:29 396589:3 
620,303724:0 100249:0 
621,392664:9 179813:13 7075:4 388777:0 23942:0 120123:0 231441:21 33774:0 21702:44 
622,167844:0 
623,287468:9 
624,145160:0 102753:0 337877:0 22250:0 
625,355464:0 340611:0 244711:0 24177:0 1375:0 
626,152551:0 110149:0 
627,297792:5 402565:0 420221:2 342051:4 
628,24177:1 393955:100 263712:27 98407:0 202234:10 14165:0 207887:0 
629,304380:0 405103:0 24177:1 357273:0 
630,294730:0 306992:0 24177:1 
631,146181:0 371397:0 248500:0 171670:0 193098:0 167090:2 301220:20 275132:0 
632,415190:0 170979:0 198135:0 2942:0 10721:10 
633,32725:0 
634,334210:42 123897:0 24177:1 305283:47 100242:0 85778:41 
635,436366:0 174860:0 386883:0 
636,35162:0 
637,93718:3 399562:0 421986:0 273992:0 174849:62 
638,223395:4 347141:2 240286:1 78602:0 307488:9 
639,285154:0 24052:0 167593:81 
640,52964:38 9580:3 63:1 10002:0 
641,399023:1 381833:2 58119:15 
642,94979:2 276704:16 182259:17 252989:5 116803:1 
643,111370:0 29413:1 16041:3 
644,204600:3 
645,245762:0 388375:10 358964:0 254509:0 
646,129073:0 414190:0 97790:0 
647,253825:28 402274:2 43722:1 
648,170628:0 258518:17 127467:62 
649,34166:13 114303:0 14843:6 336068:7 43416:0 
650,220882:0 18171:0 404401:0 162820:15 288718:0 
651,187162:0 428441:0 
652,107083:0 291275:64 
653,269990:0 224178:1 2895:0 387890:19 
654,177047:0 134090:0 262721:0 74334:0 250370:0 
655,300967:3 
656,354791:65 273712:63 308242:29 
657,226045:42 357483:22 180825:0 287883:0 321673:0 
658,245236:0 133910:0 307137:2 
659,426458:1 
660,430889:38 341149:0 
661,242032:0 183411:0 24177:1 
662,385107:0 4543:0 258688:0 14222:0 179289:19 23067:0 236833:0 
663,322520:1 
664,364565:3 327662:0 
665,243617:0 173922:16 54749:37 24177:1 235495:0 137043:0 309973:27 138195:0 
666,192082:0 
667,285613:13 141345:59 74888:0 213350:0 3378:0 24177:1 
668,285613:29 86642:64 266794:0 24177:1 21453:0 
669,6744:1 85680:7 272814:2 
670,95564:0 
671,41089:2 118639:1 
672,104102:0 180043:3 403550:12 
673,52687:2 375712:0 
674,219069:12 340844:0 93820:0 357623:59 186601:9 118548:0 
675,49520:79 363791:0 324166:82 19807:0 
676,27507:3 265490:0 
677,4866:0 
678,11721:0 
679,356916:0 99755:0 318086:0 67040:9 
680,294398:0 192534:0 317951:0 73092:0 24177:1 263659:0 152957:0 118483:0 
681,156513:0 314973:14 78644:12 103566:6 
682,329510:0 283615:0 138045:0 281188:0 
683,432134:3 351051:2 306439:1 435366:5 
684,317748:0 374340:46 4289:0 
685,269797:0 
686,412016:3 24177:1 
687,73467:0 222866:1 434910:41 
688,17437:0 401421:4 180174:0 118947:8 24177:1 201870:9 143545:19 431969:0 84330:5 404843:0 374771:3 27398:11 
689,125178:1 214593:0 
690,171589:0 309340:0 431896:0 330866:0 67898:0 
691,276266:5 24177:1 
692,308242:0 
693,204717:0 281581:0 180379:0 
694,142552:0 36987:0 160720:0 24177:1 321467:0 
695,302516:5 408118:0 445395:0 10211:0 328255:0 
696,119055:0 
697,183685:2 
698,322987:0 354758:0 126483:0 159045:0 24177:1 271151:0 
699,167844:0 24016:0 
700,407043:2 276072:0 62554:5 351885:4 40042:0 
701,157663:1 222223:0 89498:64 353958:0 
702,398840:13 95940:1 
703,361200:16 413014:18 172674:0 380246:8 24177:0 51602:7 289559:0 285613:80 324523:1 432534:2 
704,144407:0 78048:1 
705,103504:0 15837:11 
706,329571:1 
707,427009:0 380026:0 256687:0 
708,330786:0 382337:0 
709,142953:0 270332:0 
710,299289:1 290120:3 
711,351111:3 24177:1 
712,436154:3 111305:2 
713,402745:0 344528:0 61229:29 
714,409314:0 154361:47 31298:0 24177:1 
715,216025:0 396551:0 173863:0 
716,286693:64 104651:26 269785:9 380280:0 24177:0 285613:2 250780:22 272741:0 243004:15 348275:0 
717,263657:0 307477:9 438147:0 
718,225184:0 42509:0 436101:0 12372:0 241054:0 
719,249306:0 312304:0 55224:0 435450:0 330166:35 
720,354271:1 184125:11 13478:0 
721,236132:0 436916:62 379189:53 321401:13 56830:0 213242:1 24177:0 83532:5 393906:44 433087:42 154668:0 127282:0 6248:47 317190:40 327590:20 389174:3 387058:7 
722,401421:25 41019:0 24177:10 14456:9 413981:0 355158:0 
723,233980:1 
724,233980:2 
725,228238:23 24177:0 353389:21 60639:8 414131:54 361821:0 285613:1 259172:0 330424:0 
726,403833:0 178966:0 24177:1 
727,395204:30 
728,154486:0 377332:1 
729,41452:5 332103:8 245948:35 24177:1 108596:10 371183:13 63398:0 256877:20 120088:14 
730,327590:0 24177:1 
731,261795:3 82592:2 24177:1 6678:21 10617:97 46710:82 92886:88 250058:4 
732,39753:0 24177:12 
733,386788:0 
734,361292:0 321935:21 195205:0 75297:18 72765:0 276197:1 322661:16 
735,234048:0 397350:4 441676:0 303188:0 24177:1 
736,2830:55 24016:5 
737,37258:79 102910:0 327590:0 24177:1 37223:3 329853:4 138578:10 415935:80 129668:0 357533:0 155538:46 
738,381210:1 
739,340538:0 
740,27537:0 190111:0 366385:0 
741,196988:3 223778:2 
742,119637:60 
743,251991:1 199771:2 163109:61 35741:3 
744,380842:3 
745,195485:10 258643:0 198783:1 171749:5 149535:44 
746,354508:0 34161:0 
747,285613:0 58598:0 56517:0 312598:0 24177:0 
748,407021:0 260203:0 
749,133029:0 98808:0 92874:0 366115:0 371954:0 
750,217505:15 21751:2 168195:3 
751,150636:0 131117:1 429306:72 
752,47583:0 287773:0 117842:0 
753,397743:18 
754,143311:8 
755,126116:4 238962:1 216197:3 144207:2 42868:18 
756,10762:3 242742:2 
757,127805:0 
758,153900:29 
759,176640:6 48393:8 347480:4 157197:1 
760,105670:9 
761,24177:1 120857:0 
762,421046:0 129902:81 85912:0 69327:0 
763,6894:14 100601:1 42019:9 
764,261611:3 424661:0 
765,135435:0 24177:1 
766,440342:3 317816:11 388167:1 403792:2 
767,13194:0 
768,321623:0 441188:0 
769,339783:9 176799:1 140455:2 
770,216249:0 424366:0 191183:0 67765:0 305823:0 41606:0 80175:0 182535:0 295497:0 242439:0 154064:0 102517:0 418360:0 294053:0 209417:0 
771,297558:1 
772,322170:21 
773,138578:82 24177:1 
774,243533:13 19643:19 73092:0 230599:0 59343:41 102819:10 
775,81457:3 364054:0 441032:86 78305:2 240952:7 150408:0 52481:0 
776,306203:18 134627:53 354724:0 24177:1 122583:0 287935:31 404830:22 
777,225438:0 86888:0 
778,369239:0 379932:0 443930:0 
779,394486:0 202086:0 196393:0 282259:0 
780,134415:0 342940:0 358884:6 24177:1 16068:8 
781,288615:12 
782,223176:6 285613:0 96029:0 24177:2 
783,9988:0 42448:0 401943:0 426679:0 356863:0 
784,198076:0 
785,219031:26 102199:0 362172:0 222991:0 247047:0 81936:3 77486:0 
786,265266:0 
787,245769:9 400053:0 
788,41407:7 160389:11 
789,210746:10 
790,309610:0 184691:0 320381:59 52931:0 
791,99848:0 24177:0 
792,224947:23 148026:0 23611:0 
793,241214:0 290704:0 24177:1 61943:5 186611:9 373740:2 152390:3 337015:0 92101:0 
794,150869:5 288080:3 377998:4 24177:1 129969:6 331934:51 
795,414765:13 237976:0 
796,328116:44 66769:2 
797,198076:0 408715:0 358084:3 24016:0 
798,22922:3 8713:2 
799,60369:0 222748:0 385839:0 
800,44015:0 218969:1 
801,264962:5 
802,213111:0 97566:28 145286:0 41657:0 
803,252205:0 
804,440316:0 241013:0 72289:0 226143:6 125941:0 322351:0 
805,85565:0 141698:0 26778:56 252807:71 376414:10 
806,347028:0 
807,198212:1 
808,324483:1 
809,173467:11 111772:15 440234:0 171921:14 
810,90630:0 314423:0 118012:0 
811,270454:18 161559:0 390320:0 2766:0 
812,11109:0 
813,254769:1 127556:0 
814,255019:0 221810:0 
815,42642:2 
816,374784:0 17963:6 
817,378272:18 111256:5 196793:0 332656:0 137781:0 384504:89 285798:10 
818,33255:0 
819,299629:0 300089:0 
820,5023:1 427898:0 
821,160790:6 93420:1 408589:13 
822,265564:0 
823,102199:0 438060:48 74363:0 
824,384745:1 
825,278592:0 202966:0 102845:0 372740:0 
826,128638:0 435440:0 60104:25 372762:0 98812:0 24177:1 
827,128568:0 169902:0 183203:0 180672:0 349016:0 121525:0 83591:0 
828,25099:2 
829,145385:88 
830,113949:0 238597:0 264962:0 323972:0 64218:0 
831,167176:0 433520:25 
832,397350:0 360930:0 222034:0 
833,24177:1 423409:0 376516:13 
834,159447:1 
835,355773:7 
836,264043:5 
837,81137:1 83145:10 288649:5 24177:2 295436:3 
838,119113:1 
839,429459:0 120251:0 263711:0 424762:0 340198:0 
840,285613:6 24177:1 262566:0 
841,444502:4 
842,90889:0 371451:0 74587:0 24177:1 
843,301236:2 88732:1 
844,293494:0 243736:7 24177:0 248268:0 285613:6 107653:3 159102:4 
845,147937:5 
846,98058:3 39128:2 410801:1 
847,219007:0 162735:0 173550:0 166150:11 196427:0 68407:0 70971:0 428719:0 
848,300657:0 
849,36365:0 259447:14 103851:0 18584:0 248060:0 157521:42 
850,383245:21 
851,19301:0 337976:6 
852,384231:0 65668:75 
853,94857:0 298743:0 140312:0 119105:0 140818:0 287876:0 
854,124191:2 24177:1 162820:0 
855,111319:1 
856,132603:0 220974:0 367201:0 
857,115764:0 202693:0 
858,116137:25 106753:0 
859,152041:82 111954:0 384750:0 381130:23 
860,432593:0 158599:43 247986:0 284266:0 163893:0 
861,354779:75 
862,219618:8 186125:0 
863,98808:4 286355:11 304329:0 6457:17 47886:61 
864,291514:13 202344:12 253346:85 
865,254596:0 433817:0 
866,93444:82 397918:0 
867,257975:1 302096:0 
868,123125:6 90307:0 193011:10 386908:20 239833:38 
869,36500:8 431232:11 98465:98 349909:27 
870,79003:97 345557:55 
871,145675:49 419506:0 24177:1 311014:0 390525:0 285613:2 125768:0 24071:70 161072:0 65807:0 
872,27495:15 
873,291940:0 433068:0 205308:0 
874,82144:0 435985:0 130489:0 304899:0 304725:0 363853:0 264219:0 311648:0 24177:1 284437:0 209865:0 63865:0 88392:0 
875,49445:2 397309:0 125016:0 397594:0 107907:13 
876,143518:4 171975:5 
877,339467:0 
878,24286:9 54171:3 333174:1 
879,396495:2 
880,411915:0 412580:0 217628:0 24177:1 302270:0 334761:0 109502:0 273108:0 365031:0 41423:78 346366:0 
881,9241:27 372739:28 
882,422860:0 362472:0 24177:1 444493:7 
883,386779:0 259351:2 205030:4 
884,430896:0 
885,238895:19 
886,4866:72 
887,294666:0 
888,104334:0 281212:0 11031:0 172602:0 197622:14 130458:23 398319:38 52954:3 408764:0 322060:0 24177:1 41037:0 
889,158083:1 
890,322170:0 267636:0 256667:4 317149:0 
891,98910:0 24177:1 
892,361646:1 
893,213895:0 309272:0 62106:15 12372:1 198863:0 245054:13 96464:2 1897:10 319086:47 343136:0 
894,117973:1 
895,292446:0 74201:4 
896,296260:11 261336:19 315162:2 32812:6 
897,409972:1 
898,317282:0 310150:0 405203:17 231276:0 
899,347803:31 52549:39 235892:0 
900,78642:1 
901,313802:18 
902,317529:14 182520:13 115022:12 
903,263470:22 353045:7 107413:1 
904,358430:6 290537:0 2830:0 428677:5 
905,92889:0 26668:0 177918:0 357489:0 
906,69730:1 
907,348444:0 271868:2 327577:3 297623:7 139093:0 104391:58 117767:5 
908,285613:6 242532:23 24177:2 395825:84 
909,273912:60 125752:59 
910,390413:23 23207:20 
911,289563:31 52989:0 280388:0 177778:0 55571:0 165255:1 375201:0 132468:39 432053:0 
912,229901:0 10719:1 416334:49 226329:0 296611:0 
913,231748:0 222427:0 
914,39011:0 146423:0 330150:1 178926:2 
915,270505:7 220550:6 
916,180511:0 431700:0 387666:0 24177:1 413073:0 380171:0 142366:0 228803:0 
917,338305:0 
918,425111:1 
919,170965:4 
920,316281:0 423065:0 285700:0 73025:4 
921,381503:0 222038:10 425257:0 
922,16024:0 185015:40 24177:1 316711:36 203789:43 
923,272199:0 251414:0 348617:0 16117:0 114277:59 20026:88 
924,423370:0 301311:0 440405:0 243459:0 331894:0 
925,439902:14 209656:0 412928:0 
926,68599:14 351322:9 24016:0 
927,151509:1 14843:3 
928,12193:13 40331:0 
929,117761:0 181653:0 
930,369002:1 
931,365688:2 
932,435985:0 150546:0 346255:0 374561:0 290704:0 333288:0 85632:4 337728:0 242526:0 285672:0 272296:73 391456:0 302794:0 107809:11 358065:0 419276:0 181774:19 52456:0 24177:1 414670:8 284437:0 
933,78945:58 343363:0 
934,253372:2 
935,373690:3 310051:0 425371:0 25927:0 24177:0 
936,256101:0 74691:0 397211:0 110157:0 
937,337100:4 121722:3 358656:7 
938,110384:0 62541:30 371479:3 393443:14 401371:0 34321:7 302553:1 
939,82615:5 378463:40 24177:0 207341:14 345768:15 290459:0 127300:60 332785:0 276475:73 394937:7 
940,48999:9 126984:1 
941,18668:0 286426:2 
942,60104:0 180725:0 24177:4 98518:0 252190:0 444500:0 
943,112236:23 222480:24 
944,378762:11 62579:0 351373:4 165023:0 24177:1 75207:81 318717:5 
945,431849:1 268358:38 
946,166087:0 
947,342079:11 1280:97 
948,366360:0 420741:49 
949,115730:7 14843:35 
950,444502:0 3203:0 
951,168528:4 299595:37 349257:0 
952,290539:25 254021:15 308443:0 
953,136253:0 60766:38 
954,195226:0 171423:14 
955,345693:0 284433:0 24177:1 
956,152784:11 150394:3 167844:5 140044:2 437759:1 14843:18 111406:0 416127:33 
957,388784:2 433804:0 
958,310176:40 355355:0 426138:2 211080:0 64194:0 425132:1 
959,257744:9 125587:1 400998:0 
960,433853:0 428628:0 354758:0 302934:32 24177:9 79660:0 418117:0 444752:0 241098:0 226840:0 218830:0 197626:0 
961,237349:1 
962,309596:0 60566:0 337410:0 259181:0 39090:0 236268:0 
963,68180:0 
964,397350:0 256667:40 24177:1 378658:0 356547:0 259305:0 116361:0 
965,318205:0 184745:0 276179:0 320237:18 417363:34 26197:0 24177:1 325170:4 1508:2 73518:8 323195:50 
966,133710:0 214594:0 340737:0 
967,247339:0 219083:0 206245:17 
968,149748:2 278308:0 
969,20969:0 14629:0 113860:4 
970,334463:0 276919:5 320009:3 
971,176419:39 
972,173929:0 103380:0 362390:0 
973,436896:21 283552:1 
974,110457:7 190462:1 
975,34178:4 92615:2 338699:0 401800:55 24929:0 248889:3 286476:5 
976,196230:35 383084:2 79410:0 16529:0 30755:0 
977,242532:6 117362:14 368542:32 24177:0 395825:0 
978,85048:0 24177:1 56452:0 
979,353531:1 14843:3 
980,171964:0 203101:7 109962:5 235732:33 397696:0 204595:0 349836:32 216635:0 
981,291217:1 
982,327590:0 24177:1 392286:74 132762:0 185094:26 429419:0 375284:0 357466:100 
983,4554:0 127336:0 
984,166087:0 
985,285613:9 258850:0 86836:83 244711:93 24177:1 118798:0 
986,29334:1 205921:19 
987,344364:4 373724:0 
988,47794:4 46169:0 47172:93 188310:0 358437:0 331289:0 197031:27 
989,22342:0 429759:0 237453:0 135966:0 
990,96848:15 133348:0 136244:1 24177:2 393378:0 
991,171640:0 295048:0 175405:0 136354:0 
992,193669:0 24177:0 348164:0 202002:0 27031:0 264962:3 274021:0 242532:2 372909:0 
993,292087:78 
994,208:2 430237:1 
995,208:1 430237:2 
996,377785:32 421629:0 406958:0 
997,443106:0 391787:0 104651:0 24177:1 256833:0 110817:0 232514:0 244711:0 
998,113446:12 354758:29 122057:0 24177:1 389046:0 
999,322170:0 264962:0 139391:0 242532:0 
1000,24177:1 348617:0 
1001,262003:0 10064:12 
1002,285613:47 387144:0 24177:1 
1003,250131:0 
1004,20414:1 
1005,188406:8 
1006,424066:0 420706:0 
1007,370170:5 
1008,364114:0 381621:0 40288:4 
1009,416049:0 24016:0 115829:33 
1010,216283:1 438533:13 
1011,224181:0 200335:4 414066:76 33762:0 441905:0 40488:0 194066:13 42791:0 386945:12 24177:1 273280:7 25542:27 140673:2 318659:3 
1012,51394:1 
1013,217841:43 
1014,151595:0 389875:0 144544:0 
1015,27534:0 127252:93 322492:0 286968:60 
1016,248823:0 24177:1 
1017,93232:1 
1018,284080:4 251688:3 423287:5 
1019,302461:0 59235:0 
1020,237088:0 55774:0 
1021,427242:15 76454:66 76752:3 
1022,291520:0 240318:0 
1023,205438:1 
1024,63312:0 285938:10 70831:31 24177:1 
1025,36889:96 
1026,106980:3 239988:15 439867:0 183197:7 
1027,382564:0 70637:85 355:1 221682:87 1527:50 312300:0 
1028,179091:2 289521:14 
1029,275465:0 24177:1 
1030,271646:23 141152:0 36755:0 11088:42 
1031,172372:0 443633:6 159213:0 24177:1 109073:3 232728:0 385875:0 334107:0 
1032,382961:17 14843:18 
1033,211042:1 
1034,348040:0 408862:0 
1035,365162:59 237927:0 
1036,421629:30 406958:90 315253:0 276068:0 178308:0 
1037,80263:8 278106:0 355555:0 11304:0 24177:0 
1038,342262:6 40327:0 
1039,180109:71 276962:0 245374:12 
1040,72233:6 118968:0 
1041,17442:0 356307:12 
1042,24730:0 59758:6 312424:0 
1043,85767:7 425360:32 167633:48 
1044,56000:0 163952:0 
1045,396689:1 225812:6 
1046,369183:0 334070:0 308388:0 24177:1 380386:78 70702:0 338282:0 33762:0 
1047,24177:2 414131:0 60639:0 
1048,135596:0 
1049,164125:4 
1050,414470:39 24177:1 
1051,208983:3 394549:6 24177:1 
1052,69845:10 154496:0 213552:23 
1053,78539:9 60875:8 184551:0 
1054,392773:2 224722:0 
1055,17241:41 
1056,122380:0 79561:0 374771:0 
1057,344026:0 389569:0 364868:1 163933:20 
1058,375959:2 
1059,354991:0 
1060,227985:0 362807:4 
1061,288690:73 269536:52 164302:1 
1062,140510:1 247213:0 24177:3 
1063,431068:1 
1064,120412:49 
1065,439453:0 
1066,406994:2 246979:10 157974:40 
1067,212414:0 357682:0 245374:0 
1068,157617:68 400098:8 257136:0 
1069,348939:30 
1070,226680:0 
1071,12332:0 117205:66 227147:23 
1072,182199:14 349295:28 84462:5 
1073,419475:0 41982:28 381816:0 
1074,86180:0 239117:0 133765:0 95504:0 
1075,144832:0 182391:2 
1076,286342:6 
1077,141293:80 282497:0 170899:0 102657:0 19922:0 12856:0 434305:0 340367:0 115027:0 24177:1 129142:10 209369:0 106168:0 269157:48 335632:0 
1078,219058:0 
1079,83790:0 272741:0 24177:1 
1080,322170:0 291785:3 4452:2 322828:5 183848:6 434203:8 
1081,385566:2 431423:3 
1082,398686:0 206072:0 
1083,214920:2 
1084,403132:25 95725:6 308969:27 212432:5 
1085,351188:0 299274:0 96443:0 157079:0 61398:0 2505:0 52269:0 308797:0 315766:0 337728:0 74375:0 261379:0 70222:0 235411:0 264219:0 384343:0 421478:0 367313:0 181774:0 440847:0 24177:0 295327:0 291970:0 284558:0 376608:0 263902:0 
1086,128017:4 301548:13 369357:18 357430:19 3850:9 
1087,322929:34 
1088,98808:3 431293:0 10333:14 47886:12 22903:0 103810:0 
1089,423725:24 35997:0 
1090,35881:0 
1091,308300:6 125448:2 14661:5 127318:22 154064:49 440025:12 347803:33 372228:7 128582:0 
1092,11936:71 13064:0 10451:0 
1093,378631:0 169706:0 130066:0 248944:9 
1094,332904:0 97822:0 
1095,344288:1 231500:0 60737:87 
1096,233849:0 265294:0 
1097,273912:36 125752:0 
1098,308592:4 78788:3 24177:1 432782:36 
1099,444270:0 305855:1 
1100,335494:0 
1101,238960:2 115845:7 382399:1 
1102,273424:2 73650:9 
1103,70495:0 88538:4 372691:0 287284:0 151579:0 
1104,424162:7 64818:54 244496:3 420564:0 291954:0 24177:1 178019:13 
1105,35366:7 417863:13 154801:25 24177:1 300479:65 
1106,367251:0 239832:0 
1107,131185:3 177624:12 24016:29 
1108,375949:0 4896:0 382537:71 146605:0 326953:45 181262:1 30741:3 124747:2 223116:0 207235:89 24177:23 215538:0 129822:7 307819:0 
1109,285613:23 310262:95 357533:0 24177:1 
1110,95308:1 180511:0 24177:0 131885:2 14394:35 199655:0 317992:12 222269:0 358421:33 
1111,425857:13 347553:22 203075:0 
1112,214825:6 410662:7 
1113,135487:0 81305:0 
1114,307886:0 87703:3 
1115,211393:10 24177:1 208939:2 420950:4 279409:3 
1116,91846:1 284954:2 
1117,90561:6 366799:12 223395:4 
1118,429758:0 98060:0 
1119,299175:0 429109:3 
1120,412809:1 423600:0 
1121,231113:0 
1122,118433:0 64131:1 
1123,114007:1 
1124,104004:0 225879:0 301795:1 36338:0 
1125,245236:0 192453:0 87295:0 22059:0 372258:0 111754:0 76921:8 
1126,440461:8 272460:37 394259:7 
1127,95058:0 
1128,179813:0 174656:0 21702:0 
1129,54156:13 58006:0 219971:0 85658:0 
1130,403132:0 181138:0 263372:0 
1131,402678:0 226107:0 226405:0 201427:74 212432:4 
1132,268100:0 32144:0 382659:0 211603:0 
1133,161537:0 
1134,336350:26 311367:3 
1135,230295:0 101094:62 374891:0 
1136,402599:0 251951:0 342234:0 354061:0 
1137,15380:26 176744:3 382399:2 
1138,304661:88 264962:4 242532:3 73092:0 100929:0 24177:1 
1139,302866:68 398342:7 415416:9 305412:0 71547:0 340903:0 
1140,11866:1 
1141,266577:0 
1142,298763:52 371874:0 441074:0 24177:1 
1143,261502:0 
1144,372395:0 
1145,391069:0 439784:0 24177:1 
1146,259620:0 350028:8 342991:0 80954:7 34125:0 266830:4 
1147,236132:0 158584:0 
1148,123276:4 385736:2 24177:1 225683:3 
1149,7914:0 74962:0 24177:1 205211:13 131885:12 335819:0 92007:47 
1150,108084:0 124182:44 69004:8 425818:0 84460:0 
1151,78348:0 18053:0 
1152,250724:0 72481:0 287934:0 325135:0 315377:0 
1153,339372:4 236208:33 
1154,403132:0 263372:0 122586:0 
1155,187533:0 
1156,42617:2 24177:1 
1157,33368:0 55599:0 
1158,156406:0 61919:24 415101:36 383302:44 
1159,320171:5 399449:0 401572:43 229544:4 
1160,441809:0 187522:0 
1161,134157:2 24177:1 
1162,90026:38 
1163,150095:13 108669:0 
1164,34600:0 437231:0 
1165,292547:0 
1166,303166:7 181450:42 
1167,316852:6 334134:8 269204:27 
1168,180070:0 
1169,317999:1 194538:2 412216:3 243019:4 
1170,281104:2 
1171,345094:5 290537:11 439254:1 79464:32 134322:2 
1172,191552:16 
1173,227578:0 38258:0 
1174,251956:0 169902:0 183203:0 31090:0 154190:0 
1175,218216:14 376651:0 
1176,353034:0 57164:0 334321:0 119209:9 
1177,163364:1 
1178,285613:41 24177:11 330984:51 290692:48 197816:47 
1179,323679:48 93922:1 
1180,394293:0 
1181,392473:0 192168:0 86804:27 
1182,109398:0 229463:0 24177:2 342107:0 373092:0 340538:0 213350:0 238072:0 
1183,23611:0 116098:76 
1184,239779:2 
1185,38026:20 443634:50 
1186,108023:27 399378:2 
1187,263119:2 
1188,285613:11 113729:0 24177:1 
1189,240048:0 
1190,118169:0 177038:3 24177:1 
1191,127236:0 
1192,97728:0 95998:1 
1193,188289:0 206783:60 210598:61 341276:0 96355:0 282661:100 234351:0 329071:0 
1194,26685:0 
1195,359838:0 66664:2 84096:12 283591:1 345345:21 326863:3 
1196,200661:0 171897:1 
1197,88921:2 
1198,7914:0 387666:0 203049:0 281663:36 378579:50 149624:0 186125:0 
1199,161701:35 383126:40 403783:21 71078:0 439666:22 
1200,310803:0 
1201,305489:0 396931:82 197878:0 
1202,385074:36 338806:7 
1203,218832:5 
1204,202397:0 327440:0 243078:0 376993:0 194273:0 
1205,353265:0 272345:0 28087:0 237050:0 224660:0 
1206,290693:0 115804:0 405724:0 
1207,322170:0 284739:0 127318:0 16026:0 152715:0 89184:8 431977:0 365526:0 389945:15 
1208,322170:0 229442:0 238750:0 417730:2 385000:0 
1209,58611:5 233791:4 371150:3 
1210,48436:0 102533:0 134947:0 421019:10 280387:0 
1211,24443:0 132675:0 
1212,430583:0 358355:0 136172:0 288644:0 
1213,191330:0 
1214,293140:66 24177:4 237400:12 261896:65 226615:14 96737:0 152788:1 404735:0 267232:56 
1215,159762:4 308042:1 306460:2 
1216,266170:0 
1217,353805:5 440046:18 193355:4 214998:2 
1218,438913:2 82615:1 227691:33 342102:4 24177:0 403033:37 
1219,7914:59 30226:96 205211:3 153642:56 357284:86 243459:36 318717:2 239998:0 
1220,431273:85 8136:0 81918:31 
1221,190503:0 211510:0 251834:3 4289:17 225985:7 
1222,50104:17 158018:0 248002:0 73557:0 24177:3 
1223,233902:5 406053:0 235779:2 
1224,278649:17 371100:0 
1225,73462:0 206060:0 
1226,238175:0 396779:95 
1227,112412:0 139487:0 49519:0 247244:0 294296:0 407433:0 
1228,115687:0 236320:0 153974:0 414726:0 235345:0 
1229,210087:1 127666:0 159736:2 
1230,390840:13 
1231,437690:0 44767:11 
1232,94229:0 168409:3 
1233,244519:3 
1234,11853:0 126386:0 24177:2 238944:0 
1235,263303:0 83371:2 
1236,365780:13 303514:28 308698:17 323269:7 243390:5 
1237,251403:80 48370:5 
1238,323046:22 12480:11 
1239,271462:0 231132:0 
1240,257980:1 
1241,41953:0 216832:0 15804:0 
1242,202828:0 151424:8 372678:0 421018:0 168321:0 241766:0 410035:0 405965:0 46099:0 
1243,394502:4 
1244,80217:0 341276:0 154478:0 172719:0 
1245,103940:0 10211:0 347497:34 210472:0 
1246,366255:2 132097:0 
1247,393192:26 230158:97 
1248,145675:0 252921:0 13560:0 24177:1 219225:0 
1249,45706:0 52665:0 
1250,67726:0 153974:0 414726:0 76982:0 191755:25 
1251,407704:0 285613:0 172194:5 24177:4 44039:3 
1252,176804:15 281094:16 239356:25 425573:4 
1253,143847:0 
1254,208133:5 295719:0 
1255,143736:0 
1256,278511:0 237290:6 348967:39 178454:0 187670:0 42552:0 392889:0 
1257,58600:2 176261:4 215596:5 213025:1 
1258,332890:0 204671:0 190820:0 127996:0 
1259,12092:5 
1260,170776:0 331972:0 
1261,323:6 162168:2 268891:1 
1262,408148:0 265441:0 192711:0 190724:0 
1263,164130:6 189797:0 347803:98 443910:0 12031:3 110595:2 
1264,155956:15 192315:18 70723:0 295489:19 396929:20 371784:0 
1265,200077:0 249186:0 
1266,332890:5 394330:6 163264:2 176522:3 306737:4 
1267,404618:0 272862:0 383672:0 24177:1 419164:0 30235:86 246728:0 374771:2 
1268,329022:0 152911:47 
1269,277654:50 140993:4 304139:5 382807:0 207490:90 354381:7 252600:0 
1270,241898:9 
1271,23611:0 174235:0 269785:0 103211:0 430966:6 130111:0 108592:3 383657:5 242532:2 
1272,15611:7 403926:0 164171:4 77626:13 226989:25 175921:29 74189:5 89865:2 51353:6 
1273,382502:0 
1274,116790:0 21571:1 94093:0 
1275,24177:1 
1276,268066:0 99186:0 188077:12 351373:0 387666:0 24177:1 21648:0 
1277,21331:0 
1278,225368:15 341276:0 11853:14 302199:23 381023:13 177332:1 255688:8 136928:6 
1279,207667:0 373150:0 2874:0 123374:0 193105:0 
1280,341580:0 24177:1 336752:0 
1281,281281:6 293140:22 428642:3 
1282,358494:0 65076:0 24177:1 51602:0 289559:8 386699:0 80024:0 425861:0 316619:0 
1283,242631:0 
1284,311529:5 24177:0 
1285,363791:2 111407:5 246935:100 
1286,67548:0 287120:0 66044:0 
1287,321786:0 2830:78 
1288,16231:56 
1289,186581:2 
1290,427639:17 144045:9 283963:0 134141:8 
1291,1010:0 202491:0 
1292,403766:4 19528:5 
1293,317761:0 108839:3 
1294,108115:1 
1295,54019:20 24177:5 419050:0 
1296,433392:1 267008:2 
1297,162599:1 207740:13 
1298,112236:17 101248:0 383119:31 
1299,402222:0 
1300,329571:0 
1301,364106:2 22903:65 
1302,213832:8 
1303,340177:0 
1304,228882:2 207020:6 237788:1 
1305,218085:0 273477:1 154364:53 277693:0 
1306,367569:11 45856:100 363458:28 
1307,113482:0 371669:20 176191:11 
1308,44253:20 388517:2 
1309,291653:0 210577:26 
1310,294084:5 278621:8 405260:1 140526:7 152989:3 29459:2 435764:4 
1311,443221:36 154544:35 436514:1 
1312,224146:0 238393:3 272466:0 
1313,199493:2 24177:1 
1314,217415:11 
1315,258104:0 348415:0 
1316,363967:95 261321:1 
1317,441442:8 53659:1 356182:0 310101:4 214855:0 248168:7 
1318,423253:0 407267:0 
1319,299547:0 
1320,302366:0 
1321,168213:2 337728:10 322946:55 24177:1 159763:3 
1322,300558:6 327228:0 18631:12 35721:2 169770:31 83103:0 
1323,287120:0 18117:0 140662:0 
1324,145245:10 285613:7 339828:11 24177:1 
1325,131508:0 165961:0 215508:0 
1326,72603:2 435904:1 118149:7 
1327,201935:1 390974:3 436584:2 
1328,33102:2 
1329,405611:2 
1330,173674:1 
1331,75130:1 
1332,324992:0 
1333,171932:1 20877:10 
1334,182845:2 81697:1 
1335,57402:1 391250:0 334560:6 155862:7 24177:2 
1336,414892:6 416478:2 221418:3 
1337,223162:0 259783:0 73918:2 
1338,291437:7 249306:0 312304:0 311898:17 
1339,45830:1 374566:2 
1340,187804:0 359830:76 
1341,122084:10 36381:3 24177:1 414759:0 
1342,338335:1 
1343,438947:0 72778:0 186507:0 
1344,268358:78 86322:1 
1345,274922:2 91792:1 
1346,390832:0 137998:1 
1347,378003:48 372514:0 173668:11 
1348,119177:0 
1349,375258:0 
1350,84727:1 193558:2 375614:3 
1351,185224:0 
1352,144962:3 220514:2 58077:1 
1353,275822:0 235041:0 
1354,203559:1 
1355,285613:0 286264:39 339100:0 24177:18 395447:0 
1356,56963:0 
1357,128548:0 152398:2 
1358,154064:0 278564:0 259458:0 40745:0 372228:0 92674:0 417730:0 
1359,223067:5 
1360,4101:1 10735:6 
1361,103895:3 193688:4 
1362,404884:38 310641:0 299096:0 193641:0 24177:1 
1363,58223:1 10739:0 308193:0 
1364,253858:1 395876:0 203734:0 
1365,101912:0 165023:2 24177:0 
1366,261475:0 194096:0 
1367,352578:0 284433:0 235908:0 52109:0 377436:0 255067:0 348443:0 375295:0 
1368,86347:0 
1369,52954:0 408764:0 24177:3 70148:0 345891:0 167567:0 78249:0 
1370,77326:9 7426:22 
1371,140434:7 240787:8 426774:55 
1372,111191:89 92445:82 174437:0 
1373,301311:10 442079:5 314291:93 135344:0 115838:0 24177:0 413073:0 380171:1 98064:32 429100:16 
1374,440196:2 430599:1 
1375,195435:3 149313:0 
1376,229440:0 
1377,290646:0 72461:1 237290:2 
1378,32089:1 224146:3 
1379,65676:4 381311:2 296140:1 
1380,344319:0 24177:0 
1381,345624:2 396852:11 14109:35 236790:3 437749:0 24177:1 2903:4 266908:45 73518:7 
1382,63972:0 
1383,103892:11 
1384,58176:5 352156:1 118149:7 
1385,21139:1 72603:2 272814:3 
1386,189210:0 
1387,384749:9 100830:5 272527:0 232437:7 24177:0 261698:15 413981:6 118843:46 239202:35 246728:12 125291:32 79793:89 
1388,258134:1 118149:3 101218:2 
1389,374859:0 364054:0 11853:68 96355:0 121974:0 387960:69 24678:0 
1390,92024:29 424162:20 73518:7 24177:1 
1391,316189:2 
1392,379417:0 294916:2 334983:0 
1393,400452:0 29801:0 314191:0 12910:0 91265:0 93826:0 49716:0 261142:0 366417:12 147694:0 48925:0 173325:0 287658:0 227329:0 167984:0 32851:0 380055:0 413852:0 407729:0 444615:0 289308:0 286476:0 
1394,361364:15 439537:16 
1395,150636:71 12749:0 
1396,117702:22 168177:43 16696:0 
1397,415096:0 155148:39 396211:0 
1398,146352:0 229870:0 24177:1 
1399,305408:0 
1400,220514:1 368357:0 134158:0 
1401,341961:1 
1402,169790:0 252826:0 112995:0 138591:0 
1403,341961:1 
1404,348379:3 254938:4 394330:2 24177:1 235877:15 163264:5 
1405,233320:0 
1406,174568:0 25327:0 
1407,112451:0 79564:0 
1408,122430:1 
1409,165852:1 
1410,319311:9 139069:42 
1411,76004:2 217732:80 227684:1 
1412,396135:9 220514:7 148911:8 
1413,288116:56 118078:0 12870:0 
1414,12116:4 360716:30 18239:0 190855:0 34439:0 296532:0 
1415,88661:42 106195:0 24177:2 
1416,442888:55 362472:0 181481:0 40930:0 24177:2 283823:0 427995:70 
1417,345926:2 22656:9 411456:39 
1418,345361:1 
1419,8018:4 24177:1 
1420,175859:0 56830:0 107200:31 24177:0 112121:53 243038:0 348714:0 106298:35 250186:37 368205:0 409804:0 
1421,285613:7 365524:9 24177:1 
1422,5350:0 
1423,364660:0 239648:0 
1424,52954:0 24177:30 298818:7 375887:2 
1425,154034:1 
1426,425357:21 
1427,213037:0 24177:1 
1428,279850:5 
1429,128728:0 271009:0 226309:0 387666:0 282706:0 96090:24 228803:1 442800:39 
1430,422070:0 378365:23 437592:6 171:27 
1431,130673:24 
1432,59505:26 338061:5 316302:3 
1433,137983:0 251951:0 438885:0 382424:0 
1434,150714:7 276518:0 
1435,401305:0 24177:1 
1436,18528:0 174169:0 113277:0 24177:1 
1437,374886:0 
1438,169209:0 14661:0 24177:1 111248:0 347803:0 252843:0 
1439,327690:0 
1440,264962:8 255523:11 374741:70 
1441,33607:4 
1442,37494:0 57337:0 14424:12 
1443,386689:1 
1444,78384:5 
1445,309932:4 
1446,345039:0 74769:1 58469:5 200895:0 431014:8 419754:7 408114:2 
1447,300558:0 365061:12 231746:0 354330:0 154142:0 88179:0 
1448,180626:0 
1449,294672:0 220300:0 134254:0 
1450,211772:2 170965:4 
1451,110872:0 28410:0 
1452,314219:0 
1453,364760:0 73388:0 396128:0 264542:0 307906:0 
1454,329046:0 379438:0 239286:0 24177:1 124309:0 238169:0 18221:0 
1455,315758:0 111772:0 6457:0 167593:3 
1456,74363:9 287819:7 
1457,278515:0 302976:11 
1458,123990:3 78330:1 294660:0 
1459,35457:0 342234:4 24177:1 
1460,28369:2 353588:3 90337:5 
1461,24044:45 
1462,103498:67 312402:0 435211:7 
1463,362672:16 375030:50 215872:2 353203:56 196058:66 
1464,254498:0 36973:0 
1465,240933:5 27812:1 358400:2 
1466,140321:0 43124:0 178262:0 
1467,237612:0 406140:28 
1468,27424:5 
1469,343909:19 334199:3 
1470,186866:0 264962:4 287120:0 247272:0 
1471,102040:6 111886:42 
1472,95370:14 131834:1 
1473,185855:0 21866:0 155722:0 155130:0 228498:0 139523:0 
1474,384074:7 417800:0 312089:6 59340:0 42142:4 
1475,15130:1 220514:2 101684:4 
1476,114582:6 
1477,190187:5 188182:6 411223:3 265661:4 
1478,300558:0 417765:16 15004:0 131804:1 387577:3 231362:15 
1479,96405:0 407533:0 262097:0 76031:36 347853:0 
1480,10198:1 13252:96 
1481,73270:2 
1482,189578:0 44686:2 68768:0 24177:1 
1483,271686:0 259196:0 389826:0 145157:0 287047:0 129196:0 191357:0 98808:11 106207:0 366115:0 188048:0 265607:0 
1484,430219:3 
1485,323354:0 110548:8 24177:2 369828:0 
1486,230857:0 427403:0 
1487,210137:0 297175:0 
1488,115364:3 434329:0 155422:1 195404:5 209204:4 
1489,120348:4 187829:6 
1490,7426:0 
1491,403132:12 383329:29 
1492,86640:0 249306:0 24177:1 390632:15 134389:0 
1493,262046:20 21956:7 
1494,103393:72 200931:15 21310:0 
1495,24177:2 127753:8 
1496,269524:0 133029:56 219646:0 24052:16 194657:0 
1497,281858:0 
1498,275167:2 
1499,223841:1 
1500,371779:0 158599:0 
1501,223841:1 
1502,199627:2 411448:1 
1503,246662:1 
1504,168150:4 390350:5 422114:6 
1505,444502:1 87241:5 
1506,318373:93 7715:8 
1507,352482:4 89577:3 225590:1 
1508,332467:3 225590:1 
1509,165664:8 326217:0 24177:1 167973:0 
1510,36243:29 180351:8 192932:0 293032:9 307569:0 413113:16 
1511,377038:0 81919:0 
1512,14243:2 411448:1 
1513,100811:61 
1514,341798:0 
1515,404884:5 
1516,154721:19 
1517,323030:0 
1518,312822:0 78599:0 
1519,340001:1 421696:3 
1520,328765:0 150997:0 152715:0 396128:1 417603:0 
1521,195638:3 439866:38 
1522,140484:6 225590:7 
1523,82528:1 
1524,144065:0 52954:7 73092:0 24177:1 350037:0 249052:0 130458:10 78249:17 382542:25 
1525,214987:0 
1526,441652:41 132305:0 376115:69 
1527,220514:1 407014:2 309591:3 
1528,396196:2 24177:1 
1529,56652:0 404255:2 
1530,417630:5 325364:0 
1531,408771:16 361622:0 433677:9 
1532,386689:0 
1533,431392:1 
1534,244697:0 122150:0 
1535,181774:14 24177:1 307122:0 414670:4 85632:2 355658:0 174545:28 244516:55 
1536,140551:2 140288:6 
1537,375079:0 
1538,32931:1 
1539,345136:24 
1540,220539:0 300558:2 155422:7 131804:1 24775:3 99580:0 
1541,95100:2 118892:4 58784:1 347744:7 333807:41 
1542,34770:0 156723:0 337066:0 260403:0 
1543,220514:2 128420:4 277576:16 
1544,180351:11 62629:2 
1545,256059:0 5223:0 286155:0 
1546,76612:7 
1547,198626:23 18892:3 
1548,277798:2 301483:3 50624:4 399692:0 
1549,383040:5 408595:2 362773:0 
1550,231386:1 
1551,267420:0 
1552,13132:0 16045:33 165087:0 121140:12 
1553,235575:0 132914:0 317816:0 293086:1 
1554,173344:1 
1555,192523:1 
1556,268157:41 95111:5 40942:1 
1557,21342:1 
1558,206136:6 76416:0 162664:0 353676:7 
1559,11224:1 
1560,231777:1 168103:3 
1561,21342:1 
1562,261172:0 317509:9 204852:28 
1563,296033:0 
1564,73906:1 
1565,272547:36 
1566,298563:0 103240:1 384713:0 173342:0 313647:0 172240:0 186125:0 
1567,88918:54 306332:0 285032:2 101392:36 426115:0 
1568,110787:12 
1569,437874:0 306323:0 
1570,131834:1 390188:2 
1571,126721:2 
1572,205926:20 167998:4 
1573,50669:0 
1574,322368:2 
1575,22186:1 
1576,396787:0 138203:0 
1577,324801:0 
1578,294822:0 225590:1 
1579,114579:11 
1580,254636:0 108099:0 
1581,264947:0 237887:0 
1582,138121:1 
1583,145392:0 70609:0 1508:0 24177:1 430081:0 
1584,304900:11 337728:9 24177:1 129142:2 
1585,292708:2 
1586,337066:5 
1587,296191:1 
1588,135670:0 133536:3 342170:1 210337:0 213785:4 398433:40 
1589,98698:9 175678:0 
1590,383329:1 
1591,309858:0 
1592,17937:4 
1593,348343:1 
1594,187765:8 
1595,106191:0 
1596,438989:0 
1597,232856:6 
1598,187765:3 
1599,85134:0 117383:0 
1600,212191:0 24177:9 291436:27 18487:0 450:0 304351:0 
1601,74411:1 
1602,358811:1 
1603,268048:1 
1604,197895:0 301483:17 
1605,380842:1 
1606,127813:15 202274:2 
1607,124356:1 
1608,209641:0 256059:0 368504:0 
1609,388848:3 155733:0 234578:0 24177:1 317854:0 
1610,175692:13 
1611,69261:0 342659:60 24177:1 40221:58 262950:32 295497:0 
1612,70598:66 326469:7 
1613,432366:0 372399:0 51897:0 54979:0 
1614,236518:1 364106:2 287522:0 
1615,278581:0 205333:19 179146:27 
1616,403766:3 187806:2 19528:1 
1617,325452:1 
1618,52954:1 36129:0 290771:88 168719:4 362241:0 284844:5 66896:8 78249:3 
1619,126243:0 146605:8 154927:0 380386:7 194036:0 240026:16 73518:11 17358:40 24177:1 37755:0 61995:0 421619:0 386259:0 314356:0 307819:4 
1620,257044:0 34338:0 259026:2 24177:1 27383:0 87187:3 193822:0 417516:46 174545:0 
1621,204573:0 439537:0 
1622,219313:0 389799:0 152766:0 30965:0 
1623,442412:0 52954:2 297692:0 24177:0 337728:12 49811:0 640:0 10846:0 
1624,242532:6 327590:0 24177:0 395825:0 
1625,331601:0 406918:0 24177:3 419556:0 
1626,281758:0 438830:0 91673:0 
1627,175912:13 313658:11 400613:14 435470:60 
1628,13526:0 293136:0 83709:0 441905:65 441734:0 42388:87 256877:88 175163:0 195735:0 197413:0 221859:2 24177:1 80325:32 25550:3 111061:9 90046:0 241814:0 39820:5 
1629,199064:0 145124:62 41661:0 
1630,364082:0 231937:21 359838:1 120756:19 326863:4 
1631,351406:10 12304:1 
1632,197637:1 
1633,83975:1 429208:35 290537:2 
1634,396538:23 222531:2 
1635,443590:34 143491:2 24177:1 272641:28 436556:0 419975:8 194162:4 286864:5 
1636,253270:0 444502:0 87241:0 
1637,368236:4 71744:3 444502:1 87241:2 
1638,264962:11 307236:0 242532:40 24177:0 
1639,253270:0 444502:0 87241:0 
1640,381201:2 444502:1 
1641,103895:34 
1642,444502:0 
1643,444502:1 87241:3 
1644,309938:5 
1645,57312:1 
1646,301228:0 71022:44 120310:4 
1647,135296:22 80518:21 
1648,300270:3 365639:4 24177:5 
1649,435309:0 2505:0 360649:4 304518:0 74757:0 57277:0 318443:0 241098:0 170180:0 174545:5 172092:0 398319:6 24823:49 24177:1 9431:24 
1650,127610:0 390424:0 204872:0 
1651,184798:9 334723:0 223448:72 362963:56 24177:1 285613:8 324133:0 
1652,354743:0 58964:0 24177:0 
1653,444502:1 87241:2 
1654,246649:0 300410:0 157556:2 
1655,397350:18 257421:13 24177:1 409810:0 114378:0 238423:0 
1656,401354:0 316718:0 
1657,379459:0 
1658,203136:2 2830:59 
1659,393137:0 432366:61 117362:25 436741:10 
1660,228277:0 
1661,327973:1 324660:2 
1662,285613:29 424022:0 65484:0 24177:1 
1663,190319:2 41319:4 237001:3 238962:1 237290:0 
1664,357629:0 55544:0 350153:0 171783:0 193219:0 259563:0 30990:48 432569:2 86917:33 342376:0 351482:0 34286:0 180273:4 310907:0 244616:27 
1665,238962:1 213891:5 144207:3 284721:2 216197:4 167550:8 
1666,279598:37 24177:1 
1667,69613:0 412420:6 
1668,429944:34 
1669,23519:0 198250:0 109302:0 
1670,127598:0 110119:0 
1671,315099:56 
1672,156399:0 
1673,156352:0 299385:4 
1674,211369:0 210237:7 258224:8 
1675,341702:0 
1676,143889:0 
1677,54370:3 291920:2 362110:8 186508:0 53648:38 
1678,278358:0 228248:0 
1679,144445:0 
1680,140183:0 354507:1 
1681,17208:1 181800:0 
1682,178256:0 138991:11 127885:45 48914:1 429291:8 141070:0 
1683,25474:97 147816:0 24177:1 
1684,102538:2 8746:1 206075:5 
1685,11870:59 
1686,149411:8 
1687,161754:0 403550:0 24177:1 
1688,144511:2 2830:0 
1689,203417:14 
1690,24177:1 337822:0 
1691,431867:0 33617:0 73047:0 120360:0 
1692,209415:5 98148:0 
1693,91200:0 24177:1 19279:3 
1694,59758:0 143167:4 
1695,218603:1 197114:0 
1696,288491:18 114778:17 
1697,73315:0 24177:1 436536:0 
1698,217612:0 153960:73 258219:0 
1699,146619:2 371264:6 
1700,228238:28 186941:0 414131:19 24177:0 
1701,187873:0 24177:1 
1702,247872:1 417046:2 
1703,421221:2 439537:1 394062:22 
1704,26669:7 297749:8 
1705,108533:0 
1706,59758:21 225561:0 
1707,138581:2 264648:42 68369:3 344255:17 405251:0 
1708,329552:0 
1709,24466:6 
1710,421221:15 439537:22 
1711,435636:0 54860:0 
1712,145654:0 349066:0 115838:0 344441:0 137043:0 195321:0 346292:0 
1713,59758:0 118954:0 
1714,312171:0 396767:0 24177:1 297772:0 
1715,402991:17 279194:3 397311:46 
1716,176370:28 244506:0 314673:0 
1717,358940:1 
1718,250080:1 
1719,13369:6 352588:3 290898:10 230765:13 438851:7 
1720,429310:1 
1721,225644:0 
1722,422639:0 320961:0 396788:0 
1723,96443:1 414726:2 186835:4 24177:0 127478:3 430966:50 337728:7 82841:0 105946:18 
1724,346242:0 24177:1 
1725,136975:0 
1726,443561:0 303396:0 354336:34 43482:0 431186:0 
1727,161288:0 
1728,136444:4 52954:1 337728:7 66896:18 204565:3 
1729,81626:1 391699:2 
1730,285613:53 328856:0 24177:1 252190:0 208892:0 311948:0 
1731,139462:0 63807:0 
1732,36224:0 290537:0 132998:2 
1733,230903:0 400778:0 377031:0 
1734,298264:14 285992:0 127959:0 
1735,343977:0 136524:0 
1736,85211:0 215185:0 
1737,228679:6 24177:1 279068:25 337728:0 242086:14 136932:0 197804:52 
1738,202886:0 399596:6 270929:15 
1739,85581:1 
1740,300558:5 394006:27 388531:0 167593:0 131804:0 259199:0 141893:10 
1741,353889:90 
1742,268796:0 426022:4 153817:0 
1743,221057:3 196978:2 40784:4 
1744,251977:0 336095:0 
1745,385441:51 123978:6 158144:0 83870:0 174545:25 321692:3 27156:0 324339:11 62599:0 203533:19 381793:0 24177:1 358302:0 384628:0 
1746,397350:0 302934:0 24177:3 14249:0 248495:0 5326:0 222034:0 399450:0 
1747,275886:2 
1748,440676:0 63728:0 251951:0 374777:0 
1749,378462:1 
1750,219696:0 292508:0 
1751,427084:1 
1752,2604:1 
1753,356129:36 94550:59 
1754,24177:0 63754:0 347803:0 425441:0 386540:0 413227:0 
1755,262499:3 205276:12 24177:0 441934:2 
1756,238769:89 36897:0 31549:1 
1757,79135:48 371050:54 423208:56 24177:1 
1758,412498:2 
1759,36224:0 23133:3 
1760,432661:4 99742:3 
1761,320942:20 37084:2 221760:46 299402:47 
1762,159738:0 24177:1 
1763,227217:0 44017:0 
1764,79995:0 283823:0 
1765,386251:0 
1766,205090:2 408192:4 
1767,83925:0 
1768,59758:0 307144:6 198164:0 
1769,125708:0 
1770,11242:0 242897:2 263237:3 24177:1 
1771,436515:0 
1772,81644:0 176148:96 
1773,333022:1 
1774,56983:0 233995:0 217533:0 222983:0 145223:0 125275:0 362822:0 24177:1 144117:0 
1775,19368:97 
1776,322420:0 
1777,145916:3 7548:0 
1778,43339:1 
1779,302987:0 169594:0 403619:0 
1780,135483:3 
1781,77271:1 
1782,213041:1 
1783,306815:0 203173:0 
1784,105992:0 34161:43 
1785,306647:0 24177:0 18714:3 125085:1 
1786,12116:0 286393:0 
1787,218909:0 
1788,265662:0 109224:0 278416:0 
1789,334463:0 229765:11 290716:0 
1790,8563:13 70893:0 
1791,24177:0 
1792,105328:41 10442:0 123514:0 224618:0 433190:0 
1793,148983:1 
1794,343993:0 
1795,24177:0 104474:4 
1796,147534:0 95462:7 250714:0 57343:0 386908:33 109909:26 232987:82 24177:40 132490:0 116515:0 266289:0 237701:0 
1797,112840:1 79148:2 
1798,216184:3 
1799,180488:6 266101:7 81115:2 
1800,324660:5 
1801,311188:27 71064:0 
1802,230274:0 257203:0 90437:0 24177:1 62085:0 
1803,69365:0 
1804,363175:1 
1805,258680:7 
1806,187232:1 
1807,132015:0 296590:15 40341:14 35358:56 161194:0 306049:54 
1808,382734:1 
1809,61229:2 119366:53 
1810,26053:0 318406:14 
1811,323242:50 
1812,62636:7 25936:63 
1813,150865:63 78166:22 
1814,391655:9 289094:8 43515:1 
1815,429727:0 
1816,396885:1 
1817,315013:0 340394:1 359910:13 
1818,396885:0 
1819,317210:1 
1820,138118:9 35959:24 82686:99 410066:2 
1821,67063:1 
1822,382702:1 
1823,152354:0 444673:0 
1824,409093:1 
1825,198551:1 
1826,88188:53 100830:7 262022:6 24177:0 201870:3 5132:15 125291:42 
1827,84958:0 27560:0 175674:0 24177:1 324931:0 417889:0 
1828,390523:0 180570:2 
1829,220514:1 154165:3 2268:2 
1830,422884:59 33532:0 57465:0 173948:0 
1831,210882:42 309133:7 157221:13 
1832,431119:0 236441:0 
1833,216896:39 
1834,132563:0 229522:73 10195:15 
1835,441976:3 269252:1 311213:0 96856:88 221099:92 250598:2 229380:8 388758:15 
1836,391787:0 24177:1 186866:0 170504:0 145632:0 239977:0 
1837,285613:13 24177:0 
1838,226272:1 
1839,395171:0 21968:0 52027:19 441718:0 
1840,223841:1 
1841,58001:1 
1842,402991:84 
1843,98170:0 
1844,174437:1 
1845,142378:0 441697:0 20226:0 
1846,248529:4 
1847,133765:3 266544:37 
1848,229884:0 211138:3 106720:1 
1849,98808:2 340491:55 24052:30 167593:15 
1850,28428:0 
1851,175937:0 85048:0 355105:0 379896:0 24177:1 285613:0 390040:0 
1852,401421:0 619:0 125304:0 339808:0 50948:16 
1853,388177:0 
1854,283222:7 38466:22 
1855,217988:1 
1856,436887:0 295232:0 267545:1 235456:0 240485:0 375674:0 241942:0 52481:0 193806:0 
1857,34975:2 172099:3 
1858,223956:0 91686:0 305534:0 47233:0 194241:0 241941:0 
1859,76416:0 404324:2 3837:1 174349:8 
1860,76637:26 350937:7 191146:17 12856:0 73518:12 128316:5 270627:0 277962:72 24177:1 365992:9 110972:46 129142:2 210028:3 404390:20 
1861,384749:0 84330:2 105138:21 
1862,327073:37 
1863,342325:35 11590:88 166918:3 176733:0 
1864,231587:1 
1865,103632:5 
1866,71827:26 
1867,13395:0 286264:0 35366:0 24177:17 31581:0 
1868,26788:0 
1869,439829:0 368878:0 
1870,241155:4 
1871,295551:6 52349:5 161537:31 
1872,393137:0 398715:0 52954:0 168719:39 260304:0 66896:16 
1873,401082:0 
1874,129769:4 368521:58 
1875,347050:1 
1876,17139:1 
1877,214267:2 69413:4 353792:1 401468:6 306412:3 
1878,18496:44 429979:0 320009:4 65664:96 
1879,143521:11 24177:1 
1880,314491:1 93714:0 
1881,218578:1 
1882,236518:3 364106:2 344714:0 
1883,408771:0 433677:0 
1884,439461:0 24016:24 
1885,112164:1 
1886,427872:1 
1887,227648:0 256812:0 179044:0 115838:7 24177:3 285613:1 195307:0 
1888,267600:1 
1889,63834:0 200335:59 235766:0 427070:65 48529:57 318659:12 
1890,285613:0 323972:0 24177:1 118798:0 143799:0 
1891,51795:1 
1892,302116:7 
1893,4576:0 201117:64 128397:4 223689:73 
1894,348627:52 
1895,185383:0 24177:1 
1896,149115:1 229397:14 
1897,215900:0 24177:0 257116:0 349908:0 336537:70 235908:0 91899:0 333655:0 375295:0 441091:0 107653:0 
1898,71053:0 
1899,192904:0 378152:0 275339:8 138647:0 
1900,24177:0 279068:4 
1901,178686:0 68295:1 
1902,240160:0 120205:0 203318:2 24177:1 159957:5 170153:6 
1903,289031:0 383448:0 
1904,232970:20 278531:6 
1905,282801:0 283575:3 107119:9 
1906,220651:0 432780:0 403980:31 163159:42 
1907,320321:1 
1908,36224:0 32605:8 
1909,381271:2 
1910,91290:1 
1911,79464:15 342797:1 
1912,82541:0 115970:0 370875:0 81936:0 140528:0 105946:0 
1913,161537:28 246548:23 
1914,302858:0 7310:0 
1915,363155:0 309346:0 24177:1 83532:6 204738:0 
1916,140929:0 222554:7 206178:0 
1917,175511:0 207008:16 115838:0 186125:0 242478:42 374771:0 
1918,256107:6 435298:0 65566:8 354758:15 172703:0 19759:0 269885:0 285999:89 29931:10 186125:0 428543:0 373549:0 389174:16 254836:0 77847:0 389110:0 
1919,396051:1 436093:14 
1920,364561:1 255028:0 231433:0 24177:0 336843:26 
1921,372817:0 
1922,422676:1 
1923,4841:1 
1924,276297:2 274742:0 425865:0 141227:19 405275:0 
1925,389280:5 80778:80 
1926,281566:0 4026:0 185595:0 393726:0 119696:0 25232:0 161472:0 403045:0 
1927,253481:0 24177:1 
1928,27885:0 349376:17 258513:54 96174:0 
1929,118438:6 
1930,186022:9 
1931,312349:22 316048:79 289517:76 24693:21 380737:0 154860:35 
1932,249984:49 269099:3 
1933,296216:0 
1934,413398:1 
1935,141345:0 
1936,251566:1 386264:0 
1937,171025:0 322313:0 433520:19 167689:0 43426:0 283131:77 204022:0 188709:0 
1938,393137:0 22004:40 212629:78 137728:10 105368:11 32448:6 
1939,23572:14 
1940,230435:0 40210:2 45488:0 159045:0 24177:0 
1941,240850:7 
1942,220302:1 
1943,384343:3 292314:0 42044:4 24177:1 400434:2 
1944,10329:11 28225:4 372253:10 
1945,403949:2 
1946,420319:37 393910:0 117603:0 
1947,235676:5 136927:0 281215:4 252190:6 24177:2 
1948,320679:0 66402:53 
1949,96663:0 3384:0 441137:0 
1950,238960:4 84478:10 382399:2 
1951,288000:1 
1952,11708:13 228360:0 108117:2 24177:1 165375:0 350836:0 194794:10 174545:0 
1953,202417:0 341276:0 337113:0 43108:0 264743:0 
1954,149193:1 
1955,114619:19 
1956,219323:1 
1957,39826:1 86022:6 136922:3 400539:2 
1958,425024:0 24177:3 
1959,383600:1 
1960,321281:4 
1961,6:1 
1962,136698:4 
1963,32631:15 118121:3 
1964,190719:0 108724:0 221682:0 20907:1 1527:0 312300:0 
1965,379270:1 198068:0 53639:0 
1966,102866:1 
1967,257840:23 396051:2 436093:0 
1968,4400:3 
1969,421411:10 160998:34 169902:26 10220:0 
1970,299605:0 154188:0 24177:1 
1971,98423:0 232349:0 56286:0 
1972,341344:0 
1973,133467:3 211387:9 24177:1 379729:2 
1974,77240:1 
1975,116515:55 234041:34 357200:0 24177:2 252378:76 165755:0 
1976,237125:2 404246:3 
1977,300558:12 62115:0 344899:0 231746:9 229765:11 167593:5 98808:2 401056:10 
1978,247291:3 112367:9 348858:10 
1979,25219:0 
1980,10721:0 359100:0 161466:0 212784:0 
1981,383600:1 
1982,311790:1 
1983,31823:0 333897:2 80619:0 211309:4 
1984,101607:0 263309:5 163016:0 119696:1 35275:20 
1985,172591:7 304356:2 
1986,396560:47 24177:1 
1987,211309:3 333897:2 430997:0 386154:57 
1988,326358:0 64009:6 
1989,163528:0 
1990,142622:2 
1991,421300:2 287551:1 
1992,143588:0 241432:67 
1993,125622:1 
1994,369320:23 325904:0 382692:54 122837:0 
1995,383908:0 310325:0 324074:0 
1996,237485:0 
1997,180511:0 442079:0 271818:0 60734:64 387666:0 166067:0 24177:0 
1998,333642:2 
1999,203614:18 24177:1 
2000,12190:0 394330:32 414726:46 398605:0 84810:0 85347:59 364308:0 437319:0 306737:0 153974:0 235877:39 211203:0 163264:60 359056:0 386315:0 
2001,75292:1 108290:0 
2002,84958:4 356295:12 24177:1 72595:48 259090:13 183057:2 276202:9 295816:31 
2003,29155:70 
2004,188960:0 
2005,241308:1 
2006,197495:4 132086:5 16017:7 
2007,52954:0 24177:86 205961:2 297267:41 174545:6 78249:0 
2008,211577:0 
2009,317489:0 42918:0 
2010,174094:0 
2011,346495:63 407780:4 365431:2 416958:20 
2012,285464:0 24177:1 198767:0 
2013,86361:75 36300:0 54194:0 177806:0 444708:3 192460:0 
2014,102220:9 
2015,154112:0 345825:0 415990:0 24177:1 23416:0 195321:0 233363:74 226668:73 
2016,366699:100 206196:0 201535:73 65192:70 24177:1 334817:0 280189:0 197213:0 
2017,88827:1 
2018,111223:1 289111:2 
2019,272865:0 101880:0 329320:0 
2020,292732:5 
2021,347340:1 
2022,223841:1 
2023,272285:0 24177:1 296285:0 391843:0 400434:0 
2024,211400:0 
2025,141554:0 18244:10 
2026,159335:0 
2027,251394:14 
2028,255692:1 
2029,183569:26 
2030,360453:2 112236:19 
2031,214904:0 266958:0 239385:0 383125:15 
2032,90622:1 
2033,296869:0 307231:0 34025:0 194840:0 293953:0 
2034,340453:0 34803:2 
2035,380891:0 203178:1 421287:11 93147:0 
2036,290229:3 266947:4 354214:2 24177:1 
2037,24177:3 55686:0 
2038,214128:0 294868:6 321630:91 102341:0 138836:35 154303:32 
2039,44217:48 1859:0 
2040,431858:11 340851:10 10919:16 
2041,8315:1 199560:2 
2042,171393:2 134592:1 
2043,439993:1 
2044,228232:1 
2045,410818:0 24177:0 
2046,36557:1 24177:0 19279:2 
2047,228232:1 
2048,228232:1 
2049,228232:1 
2050,219590:3 429281:5 425041:0 
2051,345716:62 134237:0 
2052,208744:0 188543:2 217090:10 
2053,12856:24 73518:19 24177:1 129142:2 102657:5 
2054,291880:0 138517:0 274775:0 267897:0 
2055,170286:0 154643:0 
2056,218712:19 81482:0 298598:1 269439:39 101190:0 409650:2 
2057,232475:0 164171:2 201940:40 74189:3 89865:1 
2058,76245:20 119210:19 22260:51 
2059,351398:11 300073:0 71175:48 128159:92 424133:0 151797:5 
2060,413271:4 133950:33 293245:17 213568:0 329973:2 
2061,227199:0 327052:0 165569:0 8492:0 174864:0 32851:15 423304:0 366417:19 289026:0 
2062,24177:1 190809:15 
2063,418504:3 229028:1 136380:30 
2064,207342:1 328165:3 428873:17 
2065,64635:0 382916:0 168335:0 
2066,255215:2 
2067,6909:1 
2068,406445:1 
2069,177572:1 
2070,283335:0 235485:57 
2071,413704:2 
2072,246987:1 387000:3 
2073,420797:33 
2074,183369:0 60639:78 
2075,75385:4 45302:3 
2076,40495:1 145867:0 
2077,105452:4 141772:0 
2078,170683:7 
2079,382502:2 420285:1 
2080,4587:0 114198:1 
2081,206299:0 19423:2 403704:77 320196:76 404124:5 
2082,251752:2 
2083,96663:0 363809:0 436938:0 
2084,158098:21 315758:24 273310:23 
2085,70511:0 
2086,82106:2 
2087,403704:63 19423:2 320196:62 404124:8 294382:9 292410:61 
2088,126983:9 10442:0 288415:14 10458:11 167593:3 98808:4 160035:0 220421:5 2558:7 151644:13 55355:12 
2089,81043:0 420567:0 405135:0 318475:0 
2090,213906:0 
2091,273149:1 
2092,134003:3 143216:1 444383:4 354640:7 314753:2 
2093,119059:8 
2094,147694:0 18351:23 91265:0 283170:0 261142:0 413852:0 366417:7 94455:0 
2095,396968:1 
2096,209885:4 391911:2 358017:3 406276:5 
2097,207342:6 103343:1 
2098,205673:0 24702:0 228906:14 338049:2 314209:65 166190:0 430261:18 5542:0 
2099,289341:15 
2100,283823:77 
2101,29051:0 240280:0 18476:0 399721:0 244792:0 383628:0 
2102,206136:4 157540:0 353676:5 105204:0 
2103,336687:0 371105:0 
2104,316670:1 
2105,299437:0 312330:5 197459:0 127077:0 84067:68 91793:97 
2106,362549:2 
2107,78440:0 114428:0 214148:0 282160:0 
2108,56173:1 
2109,181344:0 225873:24 203322:29 253209:0 403118:11 
2110,7379:0 193764:55 
2111,91598:26 
2112,193371:5 
2113,50758:16 
2114,60388:0 
2115,207342:0 378528:0 
2116,225225:0 39430:0 9334:0 20287:0 
2117,126719:0 90557:0 336752:0 213944:6 
2118,230296:2 
2119,18972:6 291604:0 161861:0 
2120,18560:15 320057:17 417264:3 
2121,63301:3 63225:2 162760:1 
2122,351609:0 235978:7 35299:5 337728:15 240600:3 342492:8 97679:0 54678:0 146370:0 125031:11 49682:0 24177:1 327590:0 416735:2 28662:0 
2123,50830:0 275530:5 
2124,1241:0 
2125,430955:0 77819:68 391684:24 62229:0 
2126,356579:0 434961:3 70802:8 
2127,199262:1 62636:2 
2128,206395:0 37178:6 252874:0 
2129,226685:0 
2130,282400:3 
2131,138130:0 
2132,57559:0 235816:0 82016:0 
2133,334697:0 
2134,403143:1 
2135,402059:33 77307:2 24177:1 
2136,362365:0 106566:29 24177:1 
2137,153815:0 418691:0 178667:0 
2138,169902:0 159402:0 30755:0 
2139,82315:1 
2140,11730:0 332072:0 
2141,280833:50 
2142,431213:2 
2143,372158:3 
2144,164177:20 382677:0 158664:99 24177:9 249568:0 426942:0 135751:26 254797:0 20627:0 
2145,321359:4 
2146,393246:0 
2147,149773:3 
2148,353756:0 
2149,402384:0 
2150,102316:1 
2151,40363:0 
2152,51080:9 427425:10 
2153,222227:5 
2154,341276:0 288988:13 
2155,443174:0 
2156,70747:0 47731:0 105919:28 82495:0 60236:22 352039:0 405463:32 16595:1 
2157,115309:0 24177:1 108789:0 56713:0 102399:0 181833:0 
2158,107202:0 
2159,263237:56 249820:55 412187:0 
2160,14902:1 35023:0 
2161,147001:1 
2162,410074:9 359023:0 
2163,26467:0 269117:0 13139:0 
2164,320590:0 237290:0 
2165,238726:0 
2166,131752:0 11612:0 75446:0 
2167,443518:3 
2168,114902:0 436165:0 303317:0 
2169,399334:0 46948:0 
2170,263564:48 
2171,348488:13 295218:0 
2172,24177:1 35390:0 435805:0 416638:0 290752:0 150270:0 301965:0 
2173,324920:0 24177:1 178599:0 434978:0 149779:0 172798:12 322887:0 
2174,206058:5 
2175,69413:42 237304:0 315996:4 
2176,431352:0 112811:0 
2177,176834:11 294890:13 31269:7 24177:1 
2178,231766:1 
2179,271868:2 327577:6 297623:28 276673:36 10442:0 
2180,254596:75 271868:4 327577:15 34369:74 174460:6 76875:1 81357:2 256429:3 
2181,329853:4 135332:10 270822:9 
2182,184598:0 290757:0 443472:3 150179:0 
2183,30229:0 
2184,281281:53 13060:0 
2185,101805:2 
2186,219933:0 125983:68 228609:0 132143:76 398534:48 
2187,383840:1 
2188,288365:0 133952:3 
2189,388979:6 
2190,185999:1 
2191,109267:0 353426:0 53862:0 
2192,428464:0 132010:0 92967:9 
2193,434112:1 
2194,92382:0 256325:0 
2195,410495:28 158599:0 
2196,334220:0 407857:3 411542:2 
2197,115257:0 
2198,93022:3 334220:1 290478:2 
2199,326270:0 392419:0 92489:3 308792:0 
2200,98808:2 300558:3 97284:0 244526:41 167593:1 
2201,100225:0 
2202,410403:11 
2203,38092:3 334220:1 381168:2 
2204,244302:0 334220:1 63490:0 
2205,323703:14 
2206,106712:0 103212:17 361909:6 
2207,246987:1 387000:3 
2208,442999:4 132745:0 437839:0 133330:0 
2209,307992:0 
2210,202074:0 162034:0 263736:0 17647:0 61229:0 65732:0 
2211,227005:0 221046:44 
2212,344000:2 319025:4 
2213,272315:10 336663:9 369692:6 24177:0 
2214,98808:1 111772:2 24052:9 407290:15 
2215,330001:0 
2216,258850:0 156147:83 24177:1 
2217,339828:0 258969:0 297358:0 163914:0 302790:0 140:0 65101:0 37504:48 
2218,154284:0 73092:0 312304:0 24177:1 
2219,379064:1 217732:32 196292:2 
2220,435916:7 
2221,56099:0 383006:4 24177:1 174545:7 
2222,74285:46 329984:9 73518:4 251484:47 24177:1 
2223,30793:0 
2224,23502:0 
2225,192136:0 283823:0 
2226,132086:0 181291:0 257543:0 
2227,29462:2 24177:1 
2228,395882:0 319062:0 
2229,31504:12 234300:2 105856:7 254879:0 64326:6 
2230,46950:3 
2231,263581:4 95453:14 
2232,280326:12 177844:15 436313:29 
2233,230479:0 24177:1 379424:0 27065:0 227274:0 99702:20 62501:0 
2234,24177:1 
2235,316925:6 
2236,239884:64 24177:0 
2237,203614:18 24177:0 
2238,26568:0 85742:0 
2239,285613:8 119513:0 24177:1 
2240,73150:10 40046:25 146143:11 
2241,212294:0 144570:0 372015:0 184603:0 
2242,390531:1 24177:77 357533:0 10590:0 161141:0 412865:12 
2243,293686:0 
2244,20345:3 348488:42 
2245,59896:11 110601:27 
2246,2830:48 
2247,407192:0 439768:0 
2248,383600:1 
2249,146365:0 
2250,309571:0 371803:0 242028:0 263716:0 
2251,299355:0 
2252,355629:0 321813:29 287200:0 
2253,392278:0 87295:0 287928:0 
2254,337848:6 
2255,401401:0 323256:0 204396:0 193082:32 
2256,337231:15 
2257,59758:5 251951:0 30652:0 157264:6 
2258,147204:0 24177:2 399442:0 
2259,43981:0 353437:0 
2260,22135:2 
2261,66044:3 24177:1 388848:0 13395:0 233631:0 344358:0 80512:0 
2262,398140:1 340366:0 
2263,378361:27 
2264,71406:0 167593:7 
2265,227037:34 423684:13 
2266,417004:0 224165:4 
2267,443259:6 
2268,351111:0 24177:1 
2269,24177:2 387105:0 
2270,37648:0 348071:6 77486:60 293953:0 
2271,252563:0 
2272,132086:15 419189:0 
2273,363671:3 113902:1 234240:2 
2274,51736:1 175398:0 59591:31 128779:0 
2275,151843:4 311933:1 234240:2 
2276,99916:0 36944:31 
2277,355194:0 24177:1 
2278,174595:2 55412:0 24177:1 
2279,221177:0 408817:27 9493:42 429786:20 432238:63 403142:2 431616:1 
2280,36813:36 375560:1 177476:2 
2281,13961:2 
2282,382788:0 81382:0 191290:0 
2283,13961:0 
2284,182288:5 126225:1 408849:0 24177:0 68077:0 174790:0 5500:0 78249:0 
2285,141391:56 160069:0 23611:46 262222:0 300050:0 372228:0 407433:0 
2286,309149:13 403878:1 
2287,84235:12 24177:3 
2288,24177:1 25028:2 
2289,220371:0 248093:0 322021:0 
2290,319307:2 
2291,347662:0 53377:3 259312:1 24177:10 
2292,70723:10 399562:8 360195:40 155956:19 434112:0 91667:18 396929:27 191720:2 362264:39 
2293,238882:23 24177:1 296572:29 
2294,131952:0 375396:1 310783:5 
2295,182413:0 
2296,58863:0 110760:3 128397:1 223720:7 
2297,308344:1 
2298,59758:0 376817:0 157264:2 
2299,337728:4 23611:0 438394:3 212425:2 
2300,2191:10 262140:80 24177:2 177364:0 442820:0 128614:36 118874:0 
2301,34445:1 
2302,321418:2 
2303,24177:0 60639:2 
2304,174425:0 24177:1 
2305,44871:2 178176:6 
2306,128311:0 
2307,37504:0 247412:0 223019:0 105946:16 
2308,337867:0 
2309,365029:1 
2310,237879:2 185321:1 
2311,440725:84 28225:0 
2312,146177:0 39441:12 274951:0 
2313,235603:0 105174:34 427227:8 9040:1 
2314,292111:2 332468:1 
2315,199080:25 
2316,292350:3 188035:0 289550:25 208850:0 
2317,440075:18 200822:14 
2318,123325:0 332347:1 
2319,208939:7 24177:1 195209:0 
2320,188557:0 303466:0 111220:0 305222:0 
2321,56803:100 33811:1 192566:2 
2322,112405:0 61695:0 
2323,429520:1 
2324,278597:2 58505:0 113767:0 
2325,378294:1 
2326,271868:1 327577:2 34369:0 
2327,226161:1 
2328,172240:0 326814:0 24177:1 
2329,82479:9 
2330,348365:0 
2331,91265:0 287658:0 227329:0 283170:0 261142:0 413852:0 236707:7 389945:0 
2332,259734:18 
2333,186726:63 
2334,294114:0 
2335,401184:0 75554:0 24177:1 
2336,113777:2 211628:3 
2337,413447:44 279660:15 174425:0 
2338,169329:1 133424:2 
2339,24177:0 
2340,165841:1 213430:0 90557:0 
2341,297706:15 
2342,260967:0 24177:1 127290:0 
2343,179709:0 
2344,120014:0 433874:13 24052:21 205603:38 
2345,368334:0 354155:0 397743:0 
2346,5172:2 
2347,93718:15 
2348,5172:13 
2349,403870:0 
2350,368066:0 327590:0 24177:1 
2351,311580:30 78242:28 68284:0 208514:16 346126:17 66968:27 403508:8 133454:29 349555:31 12870:0 135395:0 337818:0 429641:0 268734:0 287883:0 332831:0 337594:0 
2352,109719:1 
2353,97473:57 427785:0 5032:0 
2354,274872:0 340538:0 142148:0 66044:10 341276:42 411444:0 
2355,237125:2 68768:0 24177:1 378450:12 
2356,386125:2 55008:1 
2357,165925:0 355006:0 81443:2 
2358,304661:0 81413:0 24177:1 
2359,110457:2 319052:1 
2360,162395:56 314723:3 345233:2 
2361,237409:0 
2362,81212:1 
2363,199749:1 
2364,287948:0 275455:0 409734:0 24177:1 236113:4 172240:0 62512:3 88716:0 201781:5 
2365,10333:0 328721:1 364106:2 9660:5 219058:21 
2366,95240:75 297190:0 39674:24 157428:0 162162:0 
